National ID,Mode,Joined Date,First Name,Last Name,Block No,Street,City,District,SMS No,WhatsApp No,Territory Code,Area Code,Bank Code,Branch Code,Language,Category,Account Number,Electrician Grade
945417194V,physical,23/05/2025,C S,Dissanayake,A/391/B,Station Road,Kudagama,Nuwara Eliya,728893383,713198998,TR029,AR04,7010,BOC-515,ENGLISH,LL,5284448019374,D
175104122V,physical,23/05/2025,R T,Jayawardena,L365,Lake View,Padiyapalalla,Nuwara Eliya,728893383,730143090,TR029,AR04,7010,BOC-515,ENGLISH,LL,555300700948,D
553378520V,physical,23/05/2025,D P,Bandara,L128/A,Central Road,Gampola,Nuwara Eliya,728893383,737122579,TR029,AR04,7010,BOC-515,ENGLISH,LL,30797942017980,D
239547452V,physical,23/05/2025,K P,Perera,L437/C,Church Lane,Balangoda,Nuwara Eliya,728893383,715776211,TR029,AR04,7010,BOC-515,ENGLISH,LL,38027168944,D
721401453V,physical,23/05/2025,A R,Krishantha,B/162/C,Main Street,Nuwara Eliya,Nuwara Eliya,728893383,754336000,TR029,AR04,7010,BOC-515,ENGLISH,LL,32803617,D
341789523V,physical,23/05/2025,J M,Karunaratne,C/372/A,Park Road,Pelmadulla,Nuwara Eliya,728893383,737415347,TR029,AR04,7010,BOC-515,ENGLISH,LL,28060234030671,D
195963405303,physical,23/05/2025,N S,Perera,No 459/B,School Lane,Hatton,Nuwara Eliya,728893383,738066922,TR029,AR04,7010,BOC-515,ENGLISH,LL,7158496726199,D
695617185964,physical,23/05/2025,J M,Dissanayake,D 248/C,Madakadura,Girandurukotte,Nuwara Eliya,728893383,713006065,TR029,AR04,7010,BOC-515,ENGLISH,LL,5960205471241,D
140394868V,physical,23/05/2025,A T,Pradeep,C/32/C,Central Road,Kudagama,Nuwara Eliya,728893383,750789011,TR029,AR04,7010,BOC-515,ENGLISH,LL,64220286,D
615502965237,physical,23/05/2025,W M,Fernando,D 268/C,Napatavela,Nuwara Eliya,Nuwara Eliya,728893383,762531565,TR029,AR04,7010,BOC-515,ENGLISH,LL,194826379623275,D
241000653V,physical,23/05/2025,H K,Weerasinghe,C/138/A,Mahawawa,Girandurukotte,Nuwara Eliya,728893383,758183515,TR029,AR04,7010,BOC-515,ENGLISH,LL,55164888,D
913692981V,physical,23/05/2025,E A,Rajapaksa,D 487/A,Hill Street,Ruvaneliya,Nuwara Eliya,728893383,777359473,TR029,AR04,7010,BOC-515,ENGLISH,LL,08064484632,D
609278304V,physical,23/05/2025,A R,Mendis,D 163/A,Samagimawatha,Pelmadulla,Nuwara Eliya,728893383,777721806,TR029,AR04,7010,BOC-515,ENGLISH,LL,0709028408138,D
476229898521,physical,23/05/2025,D P,Bandara,A/165/A,Ulhitiya,Padiyapalalla,Nuwara Eliya,728893383,726854492,TR029,AR04,7010,BOC-515,ENGLISH,LL,01563668936,D
932989085399,physical,23/05/2025,M M,Silva,C/398/B,Mahawawa,Balangoda,Nuwara Eliya,728893383,737442828,TR029,AR04,7010,BOC-515,ENGLISH,LL,105697999200813,D
523547394V,physical,23/05/2025,M M,Karunaratne,B/444,Main Street,Pelmadulla,Nuwara Eliya,728893383,750326412,TR029,AR04,7010,BOC-515,ENGLISH,LL,9366731147,D
206480223653,physical,23/05/2025,K P,Karunaratne,L275/C,Temple Road,Munwatta,Nuwara Eliya,728893383,789409991,TR029,AR04,7010,BOC-515,ENGLISH,LL,612573476164,D
952466876918,physical,23/05/2025,A R,Hemantha,B/364/B,Main Street,Padiyapalalla,Nuwara Eliya,728893383,716176115,TR029,AR04,7010,BOC-515,ENGLISH,LL,3460995576368,D
407837533V,physical,23/05/2025,L M,Mendis,D 111,Lake View,Mathurata,Nuwara Eliya,728893383,749709273,TR029,AR04,7010,BOC-515,ENGLISH,LL,85972240,D
561224718V,physical,23/05/2025,H K,Weerasinghe,D 393/C,Samagimawatha,Pelmadulla,Nuwara Eliya,728893383,725307669,TR029,AR04,7010,BOC-515,ENGLISH,LL,0347029935436,D
139843550783,physical,23/05/2025,K P,Krishantha,D 316/C,Central Road,Padiyapalalla,Nuwara Eliya,728893383,746350430,TR029,AR04,7010,BOC-515,ENGLISH,LL,51454390737909,D
796479006V,physical,23/05/2025,C S,Wijesinghe,No 467/A,Station Road,Mathurata,Nuwara Eliya,728893383,749772336,TR029,AR04,7010,BOC-515,ENGLISH,LL,53727201057,D
937476882V,physical,23/05/2025,J M,Rajapaksa,C/112/C,Samagimawatha,Ruvaneliya,Nuwara Eliya,728893383,723318817,TR029,AR04,7010,BOC-515,ENGLISH,LL,97364933246,D
452114081V,physical,23/05/2025,S T,Prasanna,B/424/B,Garden Lane,Mathurata,Nuwara Eliya,728893383,793823432,TR029,AR04,7010,BOC-515,ENGLISH,LL,41586707878204,D
727492031918,physical,23/05/2025,S,Rajapaksa,L457/C,Madakadura,Hatton,Nuwara Eliya,728893383,728254329,TR029,AR04,7010,BOC-515,ENGLISH,LL,712959138338,D
246983278V,physical,23/05/2025,P L,Fernando,B/148/B,Park Road,Hatton,Nuwara Eliya,728893383,763920998,TR029,AR04,7010,BOC-515,ENGLISH,LL,8304484727,D
560345895V,physical,23/05/2025,L M,Hemantha,C/46/B,Kandy Road,Mathurata,Nuwara Eliya,728893383,799791634,TR029,AR04,7010,BOC-515,ENGLISH,LL,4587261035928,D
895148386V,physical,23/05/2025,L M,Mendis,D 429/B,School Lane,Hatton,Nuwara Eliya,728893383,720409816,TR029,AR04,7010,BOC-515,ENGLISH,LL,030483175,D
490147663V,physical,23/05/2025,L M,Karunaratne,B/78,Mahawawa,Gampola,Nuwara Eliya,728893383,718098863,TR029,AR04,7010,BOC-515,ENGLISH,LL,8793718629114,D
232046309V,physical,23/05/2025,S,Silva,B/68/C,Mahawawa,Ruvaneliya,Nuwara Eliya,728893383,775749169,TR029,AR04,7010,BOC-515,ENGLISH,LL,3211677,D
943278445V,physical,23/05/2025,W M,Silva,A/138/A,Madakadura,Nuwara Eliya,Nuwara Eliya,728893383,737141911,TR029,AR04,7010,BOC-515,ENGLISH,LL,7883319715,D
146849545753,physical,23/05/2025,W M,Prasanna,C/368/C,Central Road,Nuwara Eliya,Nuwara Eliya,728893383,732040365,TR029,AR04,7010,BOC-515,ENGLISH,LL,50291467556,D
812505600V,physical,23/05/2025,P L,Bandara,No 253/C,Mahawawa,Pelmadulla,Nuwara Eliya,728893383,785322718,TR029,AR04,7010,BOC-515,ENGLISH,LL,120114235738,D
390598706091,physical,23/05/2025,C S,Jayarathne,B/481/A,School Lane,Pelmadulla,Nuwara Eliya,728893383,721228703,TR029,AR04,7010,BOC-515,ENGLISH,LL,250464260339,D
166466533V,physical,23/05/2025,J M,Dissanayake,No 395,Garden Lane,Opanayaka,Nuwara Eliya,728893383,783081161,TR029,AR04,7010,BOC-515,ENGLISH,LL,3383909,D
244763174220,physical,23/05/2025,D P,Jayawardena,No 297/A,Mahawawa,Hatton,Nuwara Eliya,728893383,781555378,TR029,AR04,7010,BOC-515,ENGLISH,LL,3149789790620,D
409883580091,physical,23/05/2025,A R,Weerasinghe,C/298/B,Hill Street,Girandurukotte,Nuwara Eliya,728893383,726238232,TR029,AR04,7010,BOC-515,ENGLISH,LL,8352624130310,D
717871038V,physical,23/05/2025,M M,Fernando,D 64,Station Road,Ruvaneliya,Nuwara Eliya,728893383,725132524,TR029,AR04,7010,BOC-515,ENGLISH,LL,391595119283,D
427970683842,physical,23/05/2025,E A,Perera,No 230/B,Garden Lane,Girandurukotte,Nuwara Eliya,728893383,770854234,TR029,AR04,7010,BOC-515,ENGLISH,LL,4714516856,D
384432458V,physical,23/05/2025,C S,Weerasinghe,A/310/C,Church Lane,Mathurata,Nuwara Eliya,728893383,710174102,TR029,AR04,7010,BOC-515,ENGLISH,LL,78675197,D
250566665V,physical,23/05/2025,S,Dissanayake,B/360/B,Central Road,Padiyapalalla,Nuwara Eliya,728893383,717338778,TR029,AR04,7010,BOC-515,ENGLISH,LL,8579342,D
609269261578,physical,23/05/2025,M M,Jayawardena,D 366/B,Station Road,Boralanda,Nuwara Eliya,728893383,794541198,TR029,AR04,7010,BOC-515,ENGLISH,LL,277346020229325,D
709293275V,physical,23/05/2025,H K,Mendis,L216/C,Garden Lane,Hatton,Nuwara Eliya,728893383,766103056,TR029,AR04,7010,BOC-515,ENGLISH,LL,23290382,D
266945093286,physical,23/05/2025,E A,Bandara,D 286/A,Temple Road,Pelmadulla,Nuwara Eliya,728893383,710088512,TR029,AR04,7010,BOC-515,ENGLISH,LL,411003172699,D
546750024704,physical,23/05/2025,M M,Prasanna,L22/B,School Lane,Hatton,Nuwara Eliya,728893383,792417076,TR029,AR04,7010,BOC-515,ENGLISH,LL,3278209835613,D
823288251V,physical,23/05/2025,J M,Krishantha,D 397/B,Station Road,Pelmadulla,Nuwara Eliya,728893383,758103351,TR029,AR04,7010,BOC-515,ENGLISH,LL,3603023375,D
833337264V,physical,23/05/2025,M M,Jayarathne,A/126/B,Mahawawa,Ruvaneliya,Nuwara Eliya,728893383,760603489,TR029,AR04,7010,BOC-515,ENGLISH,LL,1932597208934,D
401129393058,physical,23/05/2025,K P,Jayawardena,L497,Central Road,Gampola,Nuwara Eliya,728893383,714684854,TR029,AR04,7010,BOC-515,ENGLISH,LL,670817465969198,D
946714946V,physical,23/05/2025,P L,Mendis,L454/C,River Road,Opanayaka,Nuwara Eliya,728893383,717205600,TR029,AR04,7010,BOC-515,ENGLISH,LL,50544701220,D
763999218V,physical,23/05/2025,E A,Hemantha,C/342/B,Hill Street,Munwatta,Nuwara Eliya,728893383,791098163,TR029,AR04,7010,BOC-515,ENGLISH,LL,4191804836986,D
558867734V,physical,23/05/2025,H K,Krishantha,No 335,Park Road,Kudagama,Nuwara Eliya,728893383,753420517,TR029,AR04,7010,BOC-515,ENGLISH,LL,69063068,D
813231355V,physical,23/05/2025,P L,Karunaratne,No 211,River Road,Munwatta,Nuwara Eliya,728893383,750311435,TR029,AR04,7010,BOC-515,ENGLISH,LL,02490517072191,D
819561161450,physical,23/05/2025,A R,Gunawardena,A/112/A,Madakadura,Munwatta,Nuwara Eliya,728893383,712688785,TR029,AR04,7010,BOC-515,ENGLISH,LL,8553982043,D
492117136V,physical,23/05/2025,T R,Karunaratne,B/295/A,Napatavela,Girandurukotte,Nuwara Eliya,728893383,773731800,TR029,AR04,7010,BOC-515,ENGLISH,LL,64385701667802,D
987554223V,physical,23/05/2025,R T,Rajapaksa,L287/C,Central Road,Mathurata,Nuwara Eliya,728893383,730278930,TR029,AR04,7010,BOC-515,ENGLISH,LL,872974209014,D
741545048V,physical,23/05/2025,R T,Weerasinghe,B/333/C,Mahawawa,Balangoda,Nuwara Eliya,728893383,738663812,TR029,AR04,7010,BOC-515,ENGLISH,LL,0272222,D
588766170863,physical,23/05/2025,T R,Bandara,L346/B,Mahawawa,Pelmadulla,Nuwara Eliya,728893383,789043081,TR029,AR04,7010,BOC-515,ENGLISH,LL,34238015370968,D
958799444V,physical,23/05/2025,S,Fernando,L314,Station Road,Girandurukotte,Nuwara Eliya,728893383,798709993,TR029,AR04,7010,BOC-515,ENGLISH,LL,06132647279,D
107134916230,physical,23/05/2025,P L,Mendis,L120/A,Napatavela,Padiyapalalla,Nuwara Eliya,728893383,734482227,TR029,AR04,7010,BOC-515,ENGLISH,LL,937206811639,D
645030300V,physical,23/05/2025,S T,Perera,C/21/A,Lake View,Ruvaneliya,Nuwara Eliya,728893383,774875927,TR029,AR04,7010,BOC-515,ENGLISH,LL,087072090820865,D
528644878006,physical,23/05/2025,S,Mendis,B/32/A,Main Street,Pelmadulla,Nuwara Eliya,728893383,769250075,TR029,AR04,7010,BOC-515,ENGLISH,LL,87506302766850,D
795811740V,physical,23/05/2025,M M,Silva,B/106,Ulhitiya,Mathurata,Nuwara Eliya,728893383,754336567,TR029,AR04,7010,BOC-515,ENGLISH,LL,88155131262687,D
220596697885,physical,23/05/2025,N S,Fernando,C/337/B,Mahawawa,Hatton,Nuwara Eliya,728893383,769457855,TR029,AR04,7010,BOC-515,ENGLISH,LL,56216028205509,D
959040727V,physical,23/05/2025,N S,Prasanna,B/110/C,Central Road,Girandurukotte,Nuwara Eliya,728893383,796680982,TR029,AR04,7010,BOC-515,ENGLISH,LL,10907302342,D
615500578V,physical,23/05/2025,L M,Wijesinghe,No 288,River Road,Padiyapalalla,Nuwara Eliya,728893383,785470737,TR029,AR04,7010,BOC-515,ENGLISH,LL,407343930,D
338682352627,physical,23/05/2025,L M,Perera,B/231/B,Garden Lane,Gampola,Nuwara Eliya,728893383,784028679,TR029,AR04,7010,BOC-515,ENGLISH,LL,63889636892878,D
977134856V,physical,23/05/2025,T R,Wijesinghe,D 222/A,Napatavela,Pelmadulla,Nuwara Eliya,728893383,721416494,TR029,AR04,7010,BOC-515,ENGLISH,LL,57721681387,D
412473125V,physical,23/05/2025,N S,Rajapaksa,C/56/B,Park Road,Munwatta,Nuwara Eliya,728893383,774618920,TR029,AR04,7010,BOC-515,ENGLISH,LL,67194489,D
981078347800,physical,23/05/2025,M M,Jayarathne,B/5/B,Kandy Road,Munwatta,Nuwara Eliya,728893383,744053609,TR029,AR04,7010,BOC-515,ENGLISH,LL,1501921,D
950467217032,physical,23/05/2025,R T,Jayawardena,D 499,Ulhitiya,Hatton,Nuwara Eliya,728893383,783636307,TR029,AR04,7010,BOC-515,ENGLISH,LL,60258652,D
708700342549,physical,23/05/2025,H K,Gunawardena,A/285,School Lane,Boralanda,Nuwara Eliya,728893383,791511214,TR029,AR04,7010,BOC-515,ENGLISH,LL,527680253543691,D
966707033V,physical,23/05/2025,E A,Mendis,L494,Hill Street,Nuwara Eliya,Nuwara Eliya,728893383,744077716,TR029,AR04,7010,BOC-515,ENGLISH,LL,7136483235592,D
620683801829,physical,23/05/2025,L M,Karunaratne,L182/C,Lake View,Padiyapalalla,Nuwara Eliya,728893383,791862907,TR029,AR04,7010,BOC-515,ENGLISH,LL,56622326381247,D
243719180757,physical,23/05/2025,D P,Silva,D 494/C,Central Road,Mathurata,Nuwara Eliya,728893383,713166751,TR029,AR04,7010,BOC-515,ENGLISH,LL,600770093415,D
860260822519,physical,23/05/2025,S,Fernando,L44/B,Main Street,Munwatta,Nuwara Eliya,728893383,718370294,TR029,AR04,7010,BOC-515,ENGLISH,LL,82642637438,D
702024065419,physical,23/05/2025,D P,Pradeep,A/489/B,Main Street,Padiyapalalla,Nuwara Eliya,728893383,751186024,TR029,AR04,7010,BOC-515,ENGLISH,LL,2609611,D
293292931139,physical,23/05/2025,L M,Gunawardena,A/179/C,Lake View,Opanayaka,Nuwara Eliya,728893383,723356152,TR029,AR04,7010,BOC-515,ENGLISH,LL,46522337202,D
546973345V,physical,23/05/2025,R T,Gunawardena,A/182/A,Station Road,Nuwara Eliya,Nuwara Eliya,728893383,735725834,TR029,AR04,7010,BOC-515,ENGLISH,LL,407807510,D
534343548V,physical,23/05/2025,S,Hemantha,L149,Main Street,Pelmadulla,Nuwara Eliya,728893383,764120378,TR029,AR04,7010,BOC-515,ENGLISH,LL,33595924028289,D
740393213V,physical,23/05/2025,K P,Dissanayake,B/365/B,Ulhitiya,Girandurukotte,Nuwara Eliya,728893383,780536643,TR029,AR04,7010,BOC-515,ENGLISH,LL,11342293041,D
509116172846,physical,23/05/2025,W M,Dissanayake,L382,Central Road,Hatton,Nuwara Eliya,728893383,711276113,TR029,AR04,7010,BOC-515,ENGLISH,LL,9280961940415,D
185595900168,physical,23/05/2025,P L,Dissanayake,A/412,Temple Road,Nuwara Eliya,Nuwara Eliya,728893383,759620076,TR029,AR04,7010,BOC-515,ENGLISH,LL,8817899595481,D
838737562V,physical,23/05/2025,P L,Jayawardena,L437/B,River Road,Gampola,Nuwara Eliya,728893383,788829454,TR029,AR04,7010,BOC-515,ENGLISH,LL,76240203820,D
388431762954,physical,23/05/2025,S,Fernando,D 229/A,Central Road,Pelmadulla,Nuwara Eliya,728893383,794092995,TR029,AR04,7010,BOC-515,ENGLISH,LL,7905319,D
654741309647,physical,23/05/2025,T R,Karunaratne,No 464/C,Madakadura,Ruvaneliya,Nuwara Eliya,728893383,725634269,TR029,AR04,7010,BOC-515,ENGLISH,LL,8200916359,D
158247995752,physical,23/05/2025,A T,Pradeep,B/210/C,River Road,Mathurata,Nuwara Eliya,728893383,731512829,TR029,AR04,7010,BOC-515,ENGLISH,LL,678070619534,D
667413140393,physical,23/05/2025,P L,Rajapaksa,D 137/B,Samagimawatha,Girandurukotte,Nuwara Eliya,728893383,777431152,TR029,AR04,7010,BOC-515,ENGLISH,LL,08371868,D
509088664787,physical,23/05/2025,S T,Bandara,C/204,Main Street,Gampola,Nuwara Eliya,728893383,784849858,TR029,AR04,7010,BOC-515,ENGLISH,LL,12858177531197,D
194223516V,physical,23/05/2025,K P,Prasanna,B/119/B,Station Road,Padiyapalalla,Nuwara Eliya,728893383,767587014,TR029,AR04,7010,BOC-515,ENGLISH,LL,658112098463631,D
566764341341,physical,23/05/2025,E A,Fernando,L148,Ulhitiya,Girandurukotte,Nuwara Eliya,728893383,785978083,TR029,AR04,7010,BOC-515,ENGLISH,LL,090981317051211,D
158470025984,physical,23/05/2025,R T,Hemantha,D 12/B,Lake View,Ruvaneliya,Nuwara Eliya,728893383,739197598,TR029,AR04,7010,BOC-515,ENGLISH,LL,42089042,D
351683921861,physical,23/05/2025,N S,Prasanna,D 376/C,Station Road,Boralanda,Nuwara Eliya,728893383,788547698,TR029,AR04,7010,BOC-515,ENGLISH,LL,19947139739307,D
488644709V,physical,23/05/2025,L M,Silva,No 216,Temple Road,Nuwara Eliya,Nuwara Eliya,728893383,745130297,TR029,AR04,7010,BOC-515,ENGLISH,LL,4736731586910,D
159876026320,physical,23/05/2025,M M,Prasanna,No 355/C,Park Road,Hatton,Nuwara Eliya,728893383,767642456,TR029,AR04,7010,BOC-515,ENGLISH,LL,1691339096503,D
886469792V,physical,23/05/2025,L M,Fernando,No 227/C,Lake View,Gampola,Nuwara Eliya,728893383,733565318,TR029,AR04,7010,BOC-515,ENGLISH,LL,824772213494,D
738283345878,physical,23/05/2025,A R,Silva,L67/B,Temple Road,Kudagama,Nuwara Eliya,728893383,777679129,TR029,AR04,7010,BOC-515,ENGLISH,LL,8895363408310,D
182484075V,physical,23/05/2025,S,Mendis,C/102/C,Central Road,Kudagama,Nuwara Eliya,728893383,750921037,TR029,AR04,7010,BOC-515,ENGLISH,LL,9905891115511,D
549126074V,physical,23/05/2025,L M,Pradeep,D 87/A,Church Lane,Pelmadulla,Nuwara Eliya,728893383,722403595,TR029,AR04,7010,BOC-515,ENGLISH,LL,313566249265,D
208382289V,physical,23/05/2025,E A,Fernando,D 102/B,Napatavela,Munwatta,Nuwara Eliya,728893383,784206312,TR029,AR04,7010,BOC-515,ENGLISH,LL,5729910562374,D
963371007V,physical,23/05/2025,L M,Pradeep,C/153/B,Madakadura,Opanayaka,Nuwara Eliya,728893383,741958581,TR029,AR04,7010,BOC-515,ENGLISH,LL,487354211519,D
552724399V,physical,23/05/2025,D P,Bandara,C/258/B,Ulhitiya,Pelmadulla,Nuwara Eliya,728893383,799594879,TR029,AR04,7010,BOC-515,ENGLISH,LL,41919890,D
244213294V,physical,23/05/2025,R T,Prasanna,A/475/C,Temple Road,Munwatta,Nuwara Eliya,728893383,795772456,TR029,AR04,7010,BOC-515,ENGLISH,LL,6416846480,D
484575541V,physical,23/05/2025,E A,Jayarathne,L462/C,Church Lane,Girandurukotte,Nuwara Eliya,728893383,749707606,TR029,AR04,7010,BOC-515,ENGLISH,LL,489147425,D
384309748V,physical,23/05/2025,C S,Jayarathne,B/268/B,Samagimawatha,Nuwara Eliya,Nuwara Eliya,728893383,747073176,TR029,AR04,7010,BOC-515,ENGLISH,LL,6653468,D
141124131031,physical,23/05/2025,K P,Gunawardena,C/183/A,Hill Street,Pelmadulla,Nuwara Eliya,728893383,715106737,TR029,AR04,7010,BOC-515,ENGLISH,LL,5705828,D
190268902V,physical,23/05/2025,J M,Hemantha,A/485/A,Station Road,Opanayaka,Nuwara Eliya,728893383,720342857,TR029,AR04,7010,BOC-515,ENGLISH,LL,74488828864,D
395144537823,physical,23/05/2025,R T,Bandara,A/197/C,Temple Road,Nuwara Eliya,Nuwara Eliya,728893383,790885074,TR029,AR04,7010,BOC-515,ENGLISH,LL,125834464,D
789175774V,physical,23/05/2025,E A,Dissanayake,A/127/A,River Road,Munwatta,Nuwara Eliya,728893383,713277443,TR029,AR04,7010,BOC-515,ENGLISH,LL,26798719,D
702227607V,physical,23/05/2025,K P,Dissanayake,A/225/B,Madakadura,Pelmadulla,Nuwara Eliya,728893383,783003061,TR029,AR04,7010,BOC-515,ENGLISH,LL,1152297,D
610915465215,physical,23/05/2025,A T,Wijesinghe,C/123,Kandy Road,Ruvaneliya,Nuwara Eliya,728893383,759023838,TR029,AR04,7010,BOC-515,ENGLISH,LL,3052378000,D
579676800V,physical,23/05/2025,L M,Krishantha,B/200/C,Temple Road,Opanayaka,Nuwara Eliya,728893383,747920886,TR029,AR04,7010,BOC-515,ENGLISH,LL,3934974879820,D
483566123V,physical,23/05/2025,M M,Pradeep,No 333/C,School Lane,Boralanda,Nuwara Eliya,728893383,750240101,TR029,AR04,7010,BOC-515,ENGLISH,LL,07358551395,D
156122809V,physical,23/05/2025,S T,Dissanayake,No 297/C,Central Road,Girandurukotte,Nuwara Eliya,728893383,770148339,TR029,AR04,7010,BOC-515,ENGLISH,LL,263993951,D
167575596V,physical,23/05/2025,S T,Gunawardena,A/60/B,School Lane,Mathurata,Nuwara Eliya,728893383,794192587,TR029,AR04,7010,BOC-515,ENGLISH,LL,303455864747041,D
292035332V,physical,23/05/2025,T R,Mendis,B/92/B,Park Road,Ruvaneliya,Nuwara Eliya,728893383,786169337,TR029,AR04,7010,BOC-515,ENGLISH,LL,8209682898,D
103926179V,physical,23/05/2025,W M,Mendis,L405/C,River Road,Munwatta,Nuwara Eliya,728893383,731083244,TR029,AR04,7010,BOC-515,ENGLISH,LL,363067526,D
774336369V,physical,23/05/2025,S T,Gunawardena,D 372/B,River Road,Boralanda,Nuwara Eliya,728893383,768459581,TR029,AR04,7010,BOC-515,ENGLISH,LL,31861103182,D
440114592504,physical,23/05/2025,S T,Fernando,A/289/B,Central Road,Pelmadulla,Nuwara Eliya,728893383,746626798,TR029,AR04,7010,BOC-515,ENGLISH,LL,3932528435,D
127159597167,physical,23/05/2025,S T,Gunawardena,A/12,Ulhitiya,Gampola,Nuwara Eliya,728893383,788900168,TR029,AR04,7010,BOC-515,ENGLISH,LL,551719935946,D
278321404632,physical,23/05/2025,A R,Bandara,C/374/A,Lake View,Gampola,Nuwara Eliya,728893383,788484709,TR029,AR04,7010,BOC-515,ENGLISH,LL,355024497,D
693602238V,physical,23/05/2025,E A,Fernando,No 40/C,Station Road,Munwatta,Nuwara Eliya,728893383,788225027,TR029,AR04,7010,BOC-515,ENGLISH,LL,1062297,D
147197691538,physical,23/05/2025,J M,Jayarathne,No 323/B,Station Road,Gampola,Nuwara Eliya,728893383,782924035,TR029,AR04,7010,BOC-515,ENGLISH,LL,79904597042,D
727483693802,physical,23/05/2025,L M,Fernando,No 229,Samagimawatha,Padiyapalalla,Nuwara Eliya,728893383,764701940,TR029,AR04,7010,BOC-515,ENGLISH,LL,010716818,D
917912222680,physical,23/05/2025,T R,Mendis,D 126,Ulhitiya,Gampola,Nuwara Eliya,728893383,778533129,TR029,AR04,7010,BOC-515,ENGLISH,LL,369687231071,D
789814023V,physical,23/05/2025,D P,Bandara,No 259/B,School Lane,Nuwara Eliya,Nuwara Eliya,728893383,748723348,TR029,AR04,7010,BOC-515,ENGLISH,LL,51097013,D
545898423071,physical,23/05/2025,P L,Perera,L377/C,Park Road,Gampola,Nuwara Eliya,728893383,767143211,TR029,AR04,7010,BOC-515,ENGLISH,LL,54962720,D
353553003552,physical,23/05/2025,L M,Rajapaksa,No 435/A,School Lane,Munwatta,Nuwara Eliya,728893383,798548089,TR029,AR04,7010,BOC-515,ENGLISH,LL,47797987180938,D
310082416765,physical,23/05/2025,T R,Pradeep,A/21/B,Garden Lane,Balangoda,Nuwara Eliya,728893383,770958281,TR029,AR04,7010,BOC-515,ENGLISH,LL,2254962,D
799545649V,physical,23/05/2025,C S,Bandara,A/71/C,Park Road,Munwatta,Nuwara Eliya,728893383,746237067,TR029,AR04,7010,BOC-515,ENGLISH,LL,55660735,D
627129487831,physical,23/05/2025,J M,Bandara,C/395/C,Station Road,Ruvaneliya,Nuwara Eliya,728893383,782906573,TR029,AR04,7010,BOC-515,ENGLISH,LL,49145003937739,D
920136081975,physical,23/05/2025,R T,Karunaratne,A/445/B,River Road,Girandurukotte,Nuwara Eliya,728893383,766202173,TR029,AR04,7010,BOC-515,ENGLISH,LL,85196888,D
235207420612,physical,23/05/2025,W M,Bandara,A/338/B,Lake View,Ruvaneliya,Nuwara Eliya,728893383,731277196,TR029,AR04,7010,BOC-515,ENGLISH,LL,63502539373,D
896597414527,physical,23/05/2025,C S,Pradeep,A/202,River Road,Mathurata,Nuwara Eliya,728893383,737459576,TR029,AR04,7010,BOC-515,ENGLISH,LL,4229834417,D
732951908V,physical,23/05/2025,C S,Jayawardena,L370/A,Hill Street,Padiyapalalla,Nuwara Eliya,728893383,760831765,TR029,AR04,7010,BOC-515,ENGLISH,LL,191491397,D
767471194099,physical,23/05/2025,R T,Gunawardena,No 401,Kandy Road,Kudagama,Nuwara Eliya,728893383,732960434,TR029,AR04,7010,BOC-515,ENGLISH,LL,976002082079,D
412684173V,physical,23/05/2025,K P,Wijesinghe,No 178,School Lane,Padiyapalalla,Nuwara Eliya,728893383,736581749,TR029,AR04,7010,BOC-515,ENGLISH,LL,187424901990842,D
639573914307,physical,23/05/2025,M M,Krishantha,B/134/B,Park Road,Nuwara Eliya,Nuwara Eliya,728893383,716717793,TR029,AR04,7010,BOC-515,ENGLISH,LL,2560727,D
699684677291,physical,23/05/2025,P L,Pradeep,D 178/B,Ulhitiya,Gampola,Nuwara Eliya,728893383,768672717,TR029,AR04,7010,BOC-515,ENGLISH,LL,31474288905296,D
617708781V,physical,23/05/2025,J M,Silva,A/31/C,River Road,Pelmadulla,Nuwara Eliya,728893383,710764838,TR029,AR04,7010,BOC-515,ENGLISH,LL,9161391960,D
157876134697,physical,23/05/2025,J M,Rajapaksa,B/412,Garden Lane,Opanayaka,Nuwara Eliya,728893383,725567103,TR029,AR04,7010,BOC-515,ENGLISH,LL,304486690950,D
584504011224,physical,23/05/2025,P L,Pradeep,No 277/B,Lake View,Mathurata,Nuwara Eliya,728893383,716553298,TR029,AR04,7010,BOC-515,ENGLISH,LL,9787076188,D
691570496821,physical,23/05/2025,K P,Dissanayake,A/299,Ulhitiya,Padiyapalalla,Nuwara Eliya,728893383,792745146,TR029,AR04,7010,BOC-515,ENGLISH,LL,970133440379063,D
393320232420,physical,23/05/2025,L M,Mendis,A/248/B,Central Road,Nuwara Eliya,Nuwara Eliya,728893383,756455746,TR029,AR04,7010,BOC-515,ENGLISH,LL,354335654,D
987777084V,physical,23/05/2025,S,Gunawardena,D 16/C,Madakadura,Girandurukotte,Nuwara Eliya,728893383,741576390,TR029,AR04,7010,BOC-515,ENGLISH,LL,327392117,D
709185174V,physical,23/05/2025,W M,Hemantha,B/482/B,Lake View,Kudagama,Nuwara Eliya,728893383,765330595,TR029,AR04,7010,BOC-515,ENGLISH,LL,211672876180,D
203673176V,physical,23/05/2025,S T,Fernando,A/249/A,Hill Street,Boralanda,Nuwara Eliya,728893383,717544685,TR029,AR04,7010,BOC-515,ENGLISH,LL,838482289,D
228846906621,physical,23/05/2025,K P,Silva,C/269/A,Park Road,Girandurukotte,Nuwara Eliya,728893383,787918019,TR029,AR04,7010,BOC-515,ENGLISH,LL,73788913179,D
170967010268,physical,23/05/2025,J M,Rajapaksa,C/197/C,Central Road,Gampola,Nuwara Eliya,728893383,731023558,TR029,AR04,7010,BOC-515,ENGLISH,LL,029023383,D
872376946352,physical,23/05/2025,L M,Bandara,L401/B,Mahawawa,Balangoda,Nuwara Eliya,728893383,744787870,TR029,AR04,7010,BOC-515,ENGLISH,LL,5353592364,D
100332527031,physical,23/05/2025,W M,Mendis,B/463/C,River Road,Nuwara Eliya,Nuwara Eliya,728893383,769167481,TR029,AR04,7010,BOC-515,ENGLISH,LL,5806816438087,D
554895037141,physical,23/05/2025,K P,Jayawardena,A/370/A,Napatavela,Kudagama,Nuwara Eliya,728893383,781964409,TR029,AR04,7010,BOC-515,ENGLISH,LL,97456395862753,D
316138021178,physical,23/05/2025,R T,Prasanna,B/392,Station Road,Nuwara Eliya,Nuwara Eliya,728893383,728832081,TR029,AR04,7010,BOC-515,ENGLISH,LL,96816197132630,D
537173530550,physical,23/05/2025,A R,Wijesinghe,B/372/A,Kandy Road,Ruvaneliya,Nuwara Eliya,728893383,744838227,TR029,AR04,7010,BOC-515,ENGLISH,LL,194122129997,D
491737737V,physical,23/05/2025,S,Mendis,A/173/A,Main Street,Hatton,Nuwara Eliya,728893383,794305363,TR029,AR04,7010,BOC-515,ENGLISH,LL,32629443611,D
874656114028,physical,23/05/2025,D P,Karunaratne,L222/A,Central Road,Gampola,Nuwara Eliya,728893383,781886597,TR029,AR04,7010,BOC-515,ENGLISH,LL,1134316,D
158995449V,physical,23/05/2025,H K,Dissanayake,C/361,Kandy Road,Munwatta,Nuwara Eliya,728893383,797757292,TR029,AR04,7010,BOC-515,ENGLISH,LL,9776715,D
568404172V,physical,23/05/2025,P L,Rajapaksa,No 41/B,Hill Street,Balangoda,Nuwara Eliya,728893383,752222513,TR029,AR04,7010,BOC-515,ENGLISH,LL,579445028308235,D
811389492480,physical,23/05/2025,K P,Silva,A/326/C,Station Road,Girandurukotte,Nuwara Eliya,728893383,731245188,TR029,AR04,7010,BOC-515,ENGLISH,LL,531524727,D
412726121504,physical,23/05/2025,M M,Weerasinghe,B/458,Madakadura,Munwatta,Nuwara Eliya,728893383,791388738,TR029,AR04,7010,BOC-515,ENGLISH,LL,07972097169,D
838331813V,physical,23/05/2025,J M,Silva,C/444/A,School Lane,Ruvaneliya,Nuwara Eliya,728893383,775551143,TR029,AR04,7010,BOC-515,ENGLISH,LL,874394266,D
366665866V,physical,23/05/2025,C S,Weerasinghe,B/159/B,Kandy Road,Boralanda,Nuwara Eliya,728893383,759675475,TR029,AR04,7010,BOC-515,ENGLISH,LL,59468370269109,D
545485114425,physical,23/05/2025,W M,Rajapaksa,D 483/A,Hill Street,Nuwara Eliya,Nuwara Eliya,728893383,774962656,TR029,AR04,7010,BOC-515,ENGLISH,LL,159805753918813,D
940229009833,physical,23/05/2025,S T,Pradeep,L148/C,Temple Road,Pelmadulla,Nuwara Eliya,728893383,726681168,TR029,AR04,7010,BOC-515,ENGLISH,LL,36880945165187,D
387203816V,physical,23/05/2025,E A,Hemantha,B/455/A,Temple Road,Mathurata,Nuwara Eliya,728893383,714599510,TR029,AR04,7010,BOC-515,ENGLISH,LL,16315380,D
409438939093,physical,23/05/2025,P L,Prasanna,A/480/A,Lake View,Gampola,Nuwara Eliya,728893383,732689428,TR029,AR04,7010,BOC-515,ENGLISH,LL,327593353372,D
297663925V,physical,23/05/2025,A R,Weerasinghe,D 184/C,Temple Road,Mathurata,Nuwara Eliya,728893383,710690665,TR029,AR04,7010,BOC-515,ENGLISH,LL,749355996,D
304949705V,physical,23/05/2025,J M,Dissanayake,D 183,Samagimawatha,Padiyapalalla,Nuwara Eliya,728893383,767371303,TR029,AR04,7010,BOC-515,ENGLISH,LL,29051494226189,D
919143781V,physical,23/05/2025,J M,Jayarathne,L204/B,Temple Road,Kudagama,Nuwara Eliya,728893383,759233590,TR029,AR04,7010,BOC-515,ENGLISH,LL,78468141707025,D
267782047107,physical,23/05/2025,R T,Weerasinghe,C/294/B,Samagimawatha,Boralanda,Nuwara Eliya,728893383,752388587,TR029,AR04,7010,BOC-515,ENGLISH,LL,007120723905102,D
450117811764,physical,23/05/2025,P L,Jayarathne,D 341/C,Hill Street,Pelmadulla,Nuwara Eliya,728893383,736414677,TR029,AR04,7010,BOC-515,ENGLISH,LL,9861347,D
397987084V,physical,23/05/2025,E A,Jayawardena,B/462/C,Park Road,Boralanda,Nuwara Eliya,728893383,749168644,TR029,AR04,7010,BOC-515,ENGLISH,LL,6643084122,D
768882685219,physical,23/05/2025,A R,Rajapaksa,D 323,Napatavela,Munwatta,Nuwara Eliya,728893383,787228081,TR029,AR04,7010,BOC-515,ENGLISH,LL,5854302622,D
278080025V,physical,23/05/2025,R T,Jayawardena,A/226/B,Central Road,Balangoda,Nuwara Eliya,728893383,796058777,TR029,AR04,7010,BOC-515,ENGLISH,LL,196084316183179,D
793837693V,physical,23/05/2025,S T,Hemantha,A/133/C,Mahawawa,Balangoda,Nuwara Eliya,728893383,747016028,TR029,AR04,7010,BOC-515,ENGLISH,LL,825407784608,D
248647528989,physical,23/05/2025,S,Mendis,A/455,School Lane,Kudagama,Nuwara Eliya,728893383,762733038,TR029,AR04,7010,BOC-515,ENGLISH,LL,8660132024,D
422432895404,physical,23/05/2025,W M,Weerasinghe,A/334/C,Napatavela,Boralanda,Nuwara Eliya,728893383,712383827,TR029,AR04,7010,BOC-515,ENGLISH,LL,9466986331462,D
274479462346,physical,23/05/2025,K P,Weerasinghe,C/437/B,Napatavela,Hatton,Nuwara Eliya,728893383,754907328,TR029,AR04,7010,BOC-515,ENGLISH,LL,5288984,D
183298672V,physical,23/05/2025,S T,Weerasinghe,C/4/B,Ulhitiya,Munwatta,Nuwara Eliya,728893383,712815847,TR029,AR04,7010,BOC-515,ENGLISH,LL,525438590639621,D
165436553058,physical,23/05/2025,A T,Bandara,A/132/A,Napatavela,Opanayaka,Nuwara Eliya,728893383,730784284,TR029,AR04,7010,BOC-515,ENGLISH,LL,881132892,D
327854073411,physical,23/05/2025,N S,Jayawardena,No 470,Madakadura,Pelmadulla,Nuwara Eliya,728893383,768171172,TR029,AR04,7010,BOC-515,ENGLISH,LL,817890137598,D
709193606V,physical,23/05/2025,M M,Perera,No 360/A,Kandy Road,Opanayaka,Nuwara Eliya,728893383,734458623,TR029,AR04,7010,BOC-515,ENGLISH,LL,9812620,D
319684372809,physical,23/05/2025,R T,Hemantha,No 465/B,Park Road,Boralanda,Nuwara Eliya,728893383,782608692,TR029,AR04,7010,BOC-515,ENGLISH,LL,72369258611,D
662448359408,physical,23/05/2025,H K,Gunawardena,B/386/B,Temple Road,Boralanda,Nuwara Eliya,728893383,717888300,TR029,AR04,7010,BOC-515,ENGLISH,LL,88713192,D
920180574V,physical,23/05/2025,S T,Weerasinghe,D 72,Samagimawatha,Pelmadulla,Nuwara Eliya,728893383,791009366,TR029,AR04,7010,BOC-515,ENGLISH,LL,572717053920,D
358525779V,physical,23/05/2025,M M,Karunaratne,No 323,Temple Road,Hatton,Nuwara Eliya,728893383,740268613,TR029,AR04,7010,BOC-515,ENGLISH,LL,21553200193184,D
193726013V,physical,23/05/2025,K P,Prasanna,L49/B,Samagimawatha,Kudagama,Nuwara Eliya,728893383,718474745,TR029,AR04,7010,BOC-515,ENGLISH,LL,38734176313,D
874115715V,physical,23/05/2025,N S,Dissanayake,A/290/B,Temple Road,Mathurata,Nuwara Eliya,728893383,787277302,TR029,AR04,7010,BOC-515,ENGLISH,LL,41475853983,D
713176558V,physical,23/05/2025,N S,Bandara,No 300,River Road,Gampola,Nuwara Eliya,728893383,736410076,TR029,AR04,7010,BOC-515,ENGLISH,LL,0421395,D
241861727V,physical,23/05/2025,H K,Mendis,B/219/B,Mahawawa,Pelmadulla,Nuwara Eliya,728893383,749118307,TR029,AR04,7010,BOC-515,ENGLISH,LL,12309912028542,D
973405778527,physical,23/05/2025,L M,Pradeep,B/98,Temple Road,Opanayaka,Nuwara Eliya,728893383,744710750,TR029,AR04,7010,BOC-515,ENGLISH,LL,2493336030,D
161289255613,physical,23/05/2025,A R,Krishantha,No 401/C,Mahawawa,Kudagama,Nuwara Eliya,728893383,712015986,TR029,AR04,7010,BOC-515,ENGLISH,LL,8743479694019,D
149985871V,physical,23/05/2025,P L,Jayawardena,A/353/C,Ulhitiya,Gampola,Nuwara Eliya,728893383,772122613,TR029,AR04,7010,BOC-515,ENGLISH,LL,2795650410,D
482264230875,physical,23/05/2025,H K,Hemantha,No 91/C,Main Street,Nuwara Eliya,Nuwara Eliya,728893383,779116495,TR029,AR04,7010,BOC-515,ENGLISH,LL,89394629160509,D
840629860318,physical,23/05/2025,A R,Wijesinghe,C/135/C,Kandy Road,Hatton,Nuwara Eliya,728893383,744448095,TR029,AR04,7010,BOC-515,ENGLISH,LL,699493566,D
281480348V,physical,23/05/2025,T R,Prasanna,D 235/B,Madakadura,Padiyapalalla,Nuwara Eliya,728893383,754206900,TR029,AR04,7010,BOC-515,ENGLISH,LL,8364626126,D
990831570502,physical,23/05/2025,M M,Fernando,No 302/B,Ulhitiya,Balangoda,Nuwara Eliya,728893383,711614402,TR029,AR04,7010,BOC-515,ENGLISH,LL,37184456836,D
781377591733,physical,23/05/2025,R T,Krishantha,L22/C,River Road,Boralanda,Nuwara Eliya,728893383,736192536,TR029,AR04,7010,BOC-515,ENGLISH,LL,1050234195181,D
346408849559,physical,23/05/2025,E A,Prasanna,C/233/C,Main Street,Boralanda,Nuwara Eliya,728893383,793643826,TR029,AR04,7010,BOC-515,ENGLISH,LL,83979141310,D
486155172539,physical,23/05/2025,A T,Mendis,L195/A,Park Road,Gampola,Nuwara Eliya,728893383,722398085,TR029,AR04,7010,BOC-515,ENGLISH,LL,239458409120223,D
316667878730,physical,23/05/2025,W M,Karunaratne,D 194/B,Madakadura,Mathurata,Nuwara Eliya,728893383,728412960,TR029,AR04,7010,BOC-515,ENGLISH,LL,470437261149,D
283674610V,physical,23/05/2025,P L,Rajapaksa,B/496/A,Park Road,Pelmadulla,Nuwara Eliya,728893383,731262398,TR029,AR04,7010,BOC-515,ENGLISH,LL,6858847912742,D
649320801V,physical,23/05/2025,R T,Jayarathne,No 464,Ulhitiya,Munwatta,Nuwara Eliya,728893383,742500224,TR029,AR04,7010,BOC-515,ENGLISH,LL,7927611477692,D
474394468878,physical,23/05/2025,S T,Dissanayake,C/63,Napatavela,Mathurata,Nuwara Eliya,728893383,728265183,TR029,AR04,7010,BOC-515,ENGLISH,LL,10817630405628,D
616271755V,physical,23/05/2025,H K,Jayarathne,C/466,School Lane,Hatton,Nuwara Eliya,728893383,743147002,TR029,AR04,7010,BOC-515,ENGLISH,LL,068393454071853,D
610662392352,physical,23/05/2025,J M,Weerasinghe,L387,Hill Street,Padiyapalalla,Nuwara Eliya,728893383,716677661,TR029,AR04,7010,BOC-515,ENGLISH,LL,740753285,D
463420838V,physical,23/05/2025,K P,Dissanayake,No 196/B,Napatavela,Girandurukotte,Nuwara Eliya,728893383,777832344,TR029,AR04,7010,BOC-515,ENGLISH,LL,048409179,D
517078466V,physical,23/05/2025,S T,Silva,B/82/B,Madakadura,Kudagama,Nuwara Eliya,728893383,769694482,TR029,AR04,7010,BOC-515,ENGLISH,LL,72213642030,D
984553359V,physical,23/05/2025,W M,Hemantha,D 214/A,Central Road,Nuwara Eliya,Nuwara Eliya,728893383,752444412,TR029,AR04,7010,BOC-515,ENGLISH,LL,384340072599,D
475766591V,physical,23/05/2025,D P,Karunaratne,A/63/A,Main Street,Girandurukotte,Nuwara Eliya,728893383,795563288,TR029,AR04,7010,BOC-515,ENGLISH,LL,456383401,D
550647355177,physical,23/05/2025,A T,Wijesinghe,D 274,Mahawawa,Opanayaka,Nuwara Eliya,728893383,717190637,TR029,AR04,7010,BOC-515,ENGLISH,LL,494999532128865,D
819314998406,physical,23/05/2025,W M,Dissanayake,A/203/C,Samagimawatha,Ruvaneliya,Nuwara Eliya,728893383,715985869,TR029,AR04,7010,BOC-515,ENGLISH,LL,82304558984249,D
664220758974,physical,23/05/2025,N S,Wijesinghe,L384/C,Main Street,Gampola,Nuwara Eliya,728893383,770540805,TR029,AR04,7010,BOC-515,ENGLISH,LL,3829363,D
269975076728,physical,23/05/2025,C S,Pradeep,No 3/A,Park Road,Kudagama,Nuwara Eliya,728893383,775190535,TR029,AR04,7010,BOC-515,ENGLISH,LL,85170273791129,D
887097878964,physical,23/05/2025,D P,Bandara,B/124,Main Street,Nuwara Eliya,Nuwara Eliya,728893383,753693157,TR029,AR04,7010,BOC-515,ENGLISH,LL,066329602126901,D
888289246V,physical,23/05/2025,J M,Rajapaksa,L362/C,River Road,Girandurukotte,Nuwara Eliya,728893383,727465853,TR029,AR04,7010,BOC-515,ENGLISH,LL,5581849718283,D
605692312954,physical,23/05/2025,W M,Jayawardena,L148/C,Mahawawa,Munwatta,Nuwara Eliya,728893383,743983986,TR029,AR04,7010,BOC-515,ENGLISH,LL,7782215307503,D
626061436V,physical,23/05/2025,L M,Rajapaksa,B/366/A,Lake View,Boralanda,Nuwara Eliya,728893383,714406803,TR029,AR04,7010,BOC-515,ENGLISH,LL,4967192207,D
696182084893,physical,23/05/2025,H K,Rajapaksa,A/498/B,Madakadura,Padiyapalalla,Nuwara Eliya,728893383,794423774,TR029,AR04,7010,BOC-515,ENGLISH,LL,1285419,D
467121625539,physical,23/05/2025,N S,Prasanna,A/165/C,Park Road,Hatton,Nuwara Eliya,728893383,730561049,TR029,AR04,7010,BOC-515,ENGLISH,LL,868515839260,D
901436624V,physical,23/05/2025,J M,Gunawardena,L405,Main Street,Munwatta,Nuwara Eliya,728893383,797491649,TR029,AR04,7010,BOC-515,ENGLISH,LL,382895222666,D
747813901V,physical,23/05/2025,H K,Jayarathne,A/134/B,Main Street,Boralanda,Nuwara Eliya,728893383,729316283,TR029,AR04,7010,BOC-515,ENGLISH,LL,0551630609777,D
980314401443,physical,23/05/2025,E A,Prasanna,C/136/B,Lake View,Nuwara Eliya,Nuwara Eliya,728893383,742578566,TR029,AR04,7010,BOC-515,ENGLISH,LL,103597957,D
950690659V,physical,23/05/2025,L M,Fernando,No 163/A,Hill Street,Hatton,Nuwara Eliya,728893383,725760741,TR029,AR04,7010,BOC-515,ENGLISH,LL,42331980686354,D
821537493V,physical,23/05/2025,D P,Gunawardena,B/63,Hill Street,Opanayaka,Nuwara Eliya,728893383,725751221,TR029,AR04,7010,BOC-515,ENGLISH,LL,6926398045,D
638054749096,physical,23/05/2025,S T,Dissanayake,B/432/A,Madakadura,Boralanda,Nuwara Eliya,728893383,741643462,TR029,AR04,7010,BOC-515,ENGLISH,LL,263459224715878,D
804572089658,physical,23/05/2025,N S,Wijesinghe,B/436/A,Napatavela,Nuwara Eliya,Nuwara Eliya,728893383,725311925,TR029,AR04,7010,BOC-515,ENGLISH,LL,958448560,D
891612486198,physical,23/05/2025,E A,Jayarathne,A/341/A,Park Road,Girandurukotte,Nuwara Eliya,728893383,785576480,TR029,AR04,7010,BOC-515,ENGLISH,LL,0032434253713,D
186619303V,physical,23/05/2025,L M,Weerasinghe,L119/B,Station Road,Kudagama,Nuwara Eliya,728893383,776024021,TR029,AR04,7010,BOC-515,ENGLISH,LL,40216941,D
691150536V,physical,23/05/2025,S T,Wijesinghe,B/163/B,Central Road,Ruvaneliya,Nuwara Eliya,728893383,715637868,TR029,AR04,7010,BOC-515,ENGLISH,LL,91954970248549,D
425318732381,physical,23/05/2025,R T,Jayawardena,C/414/B,Mahawawa,Kudagama,Nuwara Eliya,728893383,762383508,TR029,AR04,7010,BOC-515,ENGLISH,LL,424538818402,D
238807389134,physical,23/05/2025,S,Jayarathne,D 178/B,Park Road,Gampola,Nuwara Eliya,728893383,744037979,TR029,AR04,7010,BOC-515,ENGLISH,LL,562729179995384,D
538081587069,physical,23/05/2025,T R,Fernando,L305/B,Temple Road,Nuwara Eliya,Nuwara Eliya,728893383,780263208,TR029,AR04,7010,BOC-515,ENGLISH,LL,2197718,D
623182887V,physical,23/05/2025,S T,Wijesinghe,No 356/A,Garden Lane,Hatton,Nuwara Eliya,728893383,715169172,TR029,AR04,7010,BOC-515,ENGLISH,LL,24956923289354,D
495466689338,physical,23/05/2025,S T,Silva,L195/A,Central Road,Nuwara Eliya,Nuwara Eliya,728893383,721720267,TR029,AR04,7010,BOC-515,ENGLISH,LL,8502168,D
852876766181,physical,23/05/2025,A T,Mendis,D 466,Temple Road,Gampola,Nuwara Eliya,728893383,774207043,TR029,AR04,7010,BOC-515,ENGLISH,LL,024153154394,D
701524462V,physical,23/05/2025,S T,Hemantha,A/62,Hill Street,Gampola,Nuwara Eliya,728893383,758294862,TR029,AR04,7010,BOC-515,ENGLISH,LL,860962829,D
853603551909,physical,23/05/2025,R T,Prasanna,L245,Kandy Road,Munwatta,Nuwara Eliya,728893383,765430249,TR029,AR04,7010,BOC-515,ENGLISH,LL,59044909309,D
436703020V,physical,23/05/2025,T R,Jayarathne,B/11/A,Napatavela,Ruvaneliya,Nuwara Eliya,728893383,794701618,TR029,AR04,7010,BOC-515,ENGLISH,LL,9695695,D
977155318185,physical,23/05/2025,K P,Rajapaksa,D 9/C,Church Lane,Kudagama,Nuwara Eliya,728893383,775013226,TR029,AR04,7010,BOC-515,ENGLISH,LL,193212573226,D
577191254V,physical,23/05/2025,T R,Fernando,L456/B,Garden Lane,Mathurata,Nuwara Eliya,728893383,721342750,TR029,AR04,7010,BOC-515,ENGLISH,LL,311073560,D
572060804028,physical,23/05/2025,H K,Bandara,L70/B,Ulhitiya,Munwatta,Nuwara Eliya,728893383,741446864,TR029,AR04,7010,BOC-515,ENGLISH,LL,39395394,D
496993886875,physical,23/05/2025,K P,Jayarathne,C/150/A,Temple Road,Gampola,Nuwara Eliya,728893383,756966588,TR029,AR04,7010,BOC-515,ENGLISH,LL,283464247,D
441206567V,physical,23/05/2025,A R,Perera,D 392/A,Station Road,Gampola,Nuwara Eliya,728893383,725850307,TR029,AR04,7010,BOC-515,ENGLISH,LL,0862967743,D
409945258V,physical,23/05/2025,N S,Wijesinghe,No 364/B,Hill Street,Gampola,Nuwara Eliya,728893383,745132038,TR029,AR04,7010,BOC-515,ENGLISH,LL,6144896965200,D
581820677V,physical,23/05/2025,T R,Fernando,C/446/A,Lake View,Ruvaneliya,Nuwara Eliya,728893383,746126331,TR029,AR04,7010,BOC-515,ENGLISH,LL,521531574,D
596600689131,physical,23/05/2025,P L,Prasanna,No 77/A,Park Road,Ruvaneliya,Nuwara Eliya,728893383,730479852,TR029,AR04,7010,BOC-515,ENGLISH,LL,1143078918446,D
553783710V,physical,23/05/2025,P L,Wijesinghe,D 30,Hill Street,Gampola,Nuwara Eliya,728893383,789456337,TR029,AR04,7010,BOC-515,ENGLISH,LL,82844764758008,D
601435897V,physical,23/05/2025,R T,Gunawardena,C/433/A,Station Road,Kudagama,Nuwara Eliya,728893383,755050842,TR029,AR04,7010,BOC-515,ENGLISH,LL,4713240,D
298859151862,physical,23/05/2025,S,Dissanayake,No 82,Kandy Road,Pelmadulla,Nuwara Eliya,728893383,743231620,TR029,AR04,7010,BOC-515,ENGLISH,LL,795679696916,D
456391278V,physical,23/05/2025,L M,Gunawardena,A/150/B,Samagimawatha,Kudagama,Nuwara Eliya,728893383,778177140,TR029,AR04,7010,BOC-515,ENGLISH,LL,5618716737299,D
691493219282,physical,23/05/2025,S T,Jayawardena,A/119/C,Mahawawa,Ruvaneliya,Nuwara Eliya,728893383,758110059,TR029,AR04,7010,BOC-515,ENGLISH,LL,98431180191044,D
674159151V,physical,23/05/2025,M M,Prasanna,D 365,School Lane,Balangoda,Nuwara Eliya,728893383,715136703,TR029,AR04,7010,BOC-515,ENGLISH,LL,90206360308,D
804122115V,physical,23/05/2025,T R,Rajapaksa,D 151,Station Road,Mathurata,Nuwara Eliya,728893383,736326018,TR029,AR04,7010,BOC-515,ENGLISH,LL,012264728619,D
336081268363,physical,23/05/2025,A T,Dissanayake,C/451/C,Central Road,Mathurata,Nuwara Eliya,728893383,746565787,TR029,AR04,7010,BOC-515,ENGLISH,LL,9809766267,D
934698987V,physical,23/05/2025,N S,Hemantha,C/39/C,Church Lane,Hatton,Nuwara Eliya,728893383,799726026,TR029,AR04,7010,BOC-515,ENGLISH,LL,76882267,D
218073796882,physical,23/05/2025,H K,Bandara,D 255,Napatavela,Nuwara Eliya,Nuwara Eliya,728893383,744742149,TR029,AR04,7010,BOC-515,ENGLISH,LL,82327814903,D
803057522V,physical,23/05/2025,L M,Prasanna,L290,Temple Road,Mathurata,Nuwara Eliya,728893383,777144573,TR029,AR04,7010,BOC-515,ENGLISH,LL,858483131291325,D
904267188V,physical,23/05/2025,P L,Dissanayake,B/398,Hill Street,Ruvaneliya,Nuwara Eliya,728893383,786815265,TR029,AR04,7010,BOC-515,ENGLISH,LL,324246196811818,D
613679041523,physical,23/05/2025,S T,Hemantha,D 245/A,Kandy Road,Pelmadulla,Nuwara Eliya,728893383,745369371,TR029,AR04,7010,BOC-515,ENGLISH,LL,8688161536,D
480984719V,physical,23/05/2025,K P,Mendis,No 79/C,Main Street,Nuwara Eliya,Nuwara Eliya,728893383,715776723,TR029,AR04,7010,BOC-515,ENGLISH,LL,2688230054890,D
605880647550,physical,23/05/2025,T R,Prasanna,L17/C,Main Street,Mathurata,Nuwara Eliya,728893383,724970664,TR029,AR04,7010,BOC-515,ENGLISH,LL,6351640,D
378536201V,physical,23/05/2025,E A,Wijesinghe,C/343,Station Road,Nuwara Eliya,Nuwara Eliya,728893383,786245084,TR029,AR04,7010,BOC-515,ENGLISH,LL,037813209891,D
152625621V,physical,23/05/2025,N S,Weerasinghe,B/352,Ulhitiya,Boralanda,Nuwara Eliya,728893383,786820167,TR029,AR04,7010,BOC-515,ENGLISH,LL,4331114719,D
821602684V,physical,23/05/2025,S T,Perera,No 475/C,Temple Road,Ruvaneliya,Nuwara Eliya,728893383,737525509,TR029,AR04,7010,BOC-515,ENGLISH,LL,0585731682,D
822216947199,physical,23/05/2025,S T,Fernando,A/105/A,Mahawawa,Gampola,Nuwara Eliya,728893383,741777943,TR029,AR04,7010,BOC-515,ENGLISH,LL,6332200388809,D
988371339V,physical,23/05/2025,J M,Pradeep,C/342,Samagimawatha,Girandurukotte,Nuwara Eliya,728893383,790738945,TR029,AR04,7010,BOC-515,ENGLISH,LL,88810636596808,D
690854885878,physical,23/05/2025,N S,Weerasinghe,D 149,Lake View,Padiyapalalla,Nuwara Eliya,728893383,798306047,TR029,AR04,7010,BOC-515,ENGLISH,LL,533867021627594,D
495640491V,physical,23/05/2025,D P,Weerasinghe,D 289/A,Station Road,Mathurata,Nuwara Eliya,728893383,790940038,TR029,AR04,7010,BOC-515,ENGLISH,LL,3305052,D
171028913V,physical,23/05/2025,D P,Silva,A/320/C,Station Road,Balangoda,Nuwara Eliya,728893383,758978125,TR029,AR04,7010,BOC-515,ENGLISH,LL,44971996,D
117006541010,physical,23/05/2025,W M,Silva,B/442,School Lane,Munwatta,Nuwara Eliya,728893383,782253981,TR029,AR04,7010,BOC-515,ENGLISH,LL,7469676,D
937998848V,physical,23/05/2025,E A,Fernando,A/45/A,Garden Lane,Munwatta,Nuwara Eliya,728893383,782250480,TR029,AR04,7010,BOC-515,ENGLISH,LL,321537288784,D
937298814V,physical,23/05/2025,J M,Perera,No 388,Lake View,Nuwara Eliya,Nuwara Eliya,728893383,751446649,TR029,AR04,7010,BOC-515,ENGLISH,LL,8635695659,D
878382750V,physical,23/05/2025,S,Gunawardena,A/367/A,Hill Street,Pelmadulla,Nuwara Eliya,728893383,769100153,TR029,AR04,7010,BOC-515,ENGLISH,LL,18156716,D
896141915726,physical,23/05/2025,E A,Pradeep,A/177/B,Mahawawa,Mathurata,Nuwara Eliya,728893383,759939113,TR029,AR04,7010,BOC-515,ENGLISH,LL,40383470,D
864170289V,physical,23/05/2025,M M,Jayarathne,No 146/B,Mahawawa,Nuwara Eliya,Nuwara Eliya,728893383,717403830,TR029,AR04,7010,BOC-515,ENGLISH,LL,788120664617136,D
189522737V,physical,23/05/2025,E A,Fernando,B/418/C,Central Road,Kudagama,Nuwara Eliya,728893383,719399487,TR029,AR04,7010,BOC-515,ENGLISH,LL,18458707886652,D
780926197V,physical,23/05/2025,H K,Jayawardena,No 330/B,Lake View,Mathurata,Nuwara Eliya,728893383,761280518,TR029,AR04,7010,BOC-515,ENGLISH,LL,9960312124,D
184130845V,physical,23/05/2025,S,Bandara,A/63/A,Garden Lane,Hatton,Nuwara Eliya,728893383,754689264,TR029,AR04,7010,BOC-515,ENGLISH,LL,3818647220244,D
466322114352,physical,23/05/2025,A T,Silva,No 342/C,Main Street,Opanayaka,Nuwara Eliya,728893383,781434298,TR029,AR04,7010,BOC-515,ENGLISH,LL,65269690,D
180980223240,physical,23/05/2025,L M,Weerasinghe,No 241,Church Lane,Opanayaka,Nuwara Eliya,728893383,743809475,TR029,AR04,7010,BOC-515,ENGLISH,LL,957849354,D
285898978019,physical,23/05/2025,A T,Wijesinghe,No 221/C,Church Lane,Padiyapalalla,Nuwara Eliya,728893383,778029864,TR029,AR04,7010,BOC-515,ENGLISH,LL,9716990,D
988217034193,physical,23/05/2025,D P,Perera,D 186,Central Road,Girandurukotte,Nuwara Eliya,728893383,769444557,TR029,AR04,7010,BOC-515,ENGLISH,LL,6783397,D
611468192462,physical,23/05/2025,R T,Mendis,L236/A,Church Lane,Mathurata,Nuwara Eliya,728893383,763187188,TR029,AR04,7010,BOC-515,ENGLISH,LL,980710271441359,D
967367880V,physical,23/05/2025,D P,Karunaratne,C/207/B,Ulhitiya,Gampola,Nuwara Eliya,728893383,757126332,TR029,AR04,7010,BOC-515,ENGLISH,LL,2319082834,D
998780258649,physical,23/05/2025,N S,Silva,A/314/B,Samagimawatha,Mathurata,Nuwara Eliya,728893383,736271357,TR029,AR04,7010,BOC-515,ENGLISH,LL,942237708232,D
238831692V,physical,23/05/2025,T R,Prasanna,L39,Central Road,Boralanda,Nuwara Eliya,728893383,752879342,TR029,AR04,7010,BOC-515,ENGLISH,LL,733006967,D
153558935V,physical,23/05/2025,H K,Fernando,B/237/A,Kandy Road,Pelmadulla,Nuwara Eliya,728893383,796803153,TR029,AR04,7010,BOC-515,ENGLISH,LL,76046831892,D
328159818865,physical,23/05/2025,E A,Hemantha,C/179/B,Church Lane,Kudagama,Nuwara Eliya,728893383,795272942,TR029,AR04,7010,BOC-515,ENGLISH,LL,6927019970558,D
853857413V,physical,23/05/2025,A T,Prasanna,L187,Main Street,Kudagama,Nuwara Eliya,728893383,719961333,TR029,AR04,7010,BOC-515,ENGLISH,LL,697588550617,D
978509455V,physical,23/05/2025,A T,Prasanna,No 290/B,Lake View,Nuwara Eliya,Nuwara Eliya,728893383,779136711,TR029,AR04,7010,BOC-515,ENGLISH,LL,516673889112608,D
912820578V,physical,23/05/2025,E A,Hemantha,D 470/A,Garden Lane,Kudagama,Nuwara Eliya,728893383,727683913,TR029,AR04,7010,BOC-515,ENGLISH,LL,11339626759,D
596302913V,physical,23/05/2025,A T,Jayarathne,C/56/B,Church Lane,Balangoda,Nuwara Eliya,728893383,740149864,TR029,AR04,7010,BOC-515,ENGLISH,LL,79363974468,D
730847633714,physical,23/05/2025,E A,Gunawardena,No 441/A,Lake View,Balangoda,Nuwara Eliya,728893383,787374874,TR029,AR04,7010,BOC-515,ENGLISH,LL,0156902,D
104338773V,physical,23/05/2025,E A,Jayawardena,B/488/A,Central Road,Nuwara Eliya,Nuwara Eliya,728893383,736771093,TR029,AR04,7010,BOC-515,ENGLISH,LL,60474001550337,D
835613322688,physical,23/05/2025,H K,Hemantha,C/201/C,Central Road,Kudagama,Nuwara Eliya,728893383,722258414,TR029,AR04,7010,BOC-515,ENGLISH,LL,7803878,D
814756321592,physical,23/05/2025,S T,Weerasinghe,B/417/B,Garden Lane,Boralanda,Nuwara Eliya,728893383,750119776,TR029,AR04,7010,BOC-515,ENGLISH,LL,3999709377480,D
549508370381,physical,23/05/2025,R T,Perera,A/23/A,Church Lane,Ruvaneliya,Nuwara Eliya,728893383,776425631,TR029,AR04,7010,BOC-515,ENGLISH,LL,69240961720,D
274512728246,physical,23/05/2025,L M,Silva,C/46/B,Lake View,Kudagama,Nuwara Eliya,728893383,711017720,TR029,AR04,7010,BOC-515,ENGLISH,LL,794611487501069,D
465486870V,physical,23/05/2025,C S,Karunaratne,C/17/B,Central Road,Girandurukotte,Nuwara Eliya,728893383,775580135,TR029,AR04,7010,BOC-515,ENGLISH,LL,262617958518177,D
298278418V,physical,23/05/2025,S,Weerasinghe,D 281/B,Mahawawa,Kudagama,Nuwara Eliya,728893383,785635846,TR029,AR04,7010,BOC-515,ENGLISH,LL,267018024,D
320698222060,physical,23/05/2025,K P,Perera,No 284,Napatavela,Kudagama,Nuwara Eliya,728893383,730593674,TR029,AR04,7010,BOC-515,ENGLISH,LL,66237607614,D
144439149669,physical,23/05/2025,N S,Krishantha,A/240/B,River Road,Ruvaneliya,Nuwara Eliya,728893383,752215733,TR029,AR04,7010,BOC-515,ENGLISH,LL,39252313484210,D
157428284V,physical,23/05/2025,C S,Mendis,No 65,Lake View,Balangoda,Nuwara Eliya,728893383,779955135,TR029,AR04,7010,BOC-515,ENGLISH,LL,71618945,D
245123283097,physical,23/05/2025,S T,Prasanna,C/253/C,Garden Lane,Mathurata,Nuwara Eliya,728893383,733893946,TR029,AR04,7010,BOC-515,ENGLISH,LL,8785689,D
375659465V,physical,23/05/2025,K P,Hemantha,D 214/A,Central Road,Hatton,Nuwara Eliya,728893383,716507655,TR029,AR04,7010,BOC-515,ENGLISH,LL,616038210606,D
855892051V,physical,23/05/2025,E A,Pradeep,No 110/C,Ulhitiya,Mathurata,Nuwara Eliya,728893383,728386673,TR029,AR04,7010,BOC-515,ENGLISH,LL,50775763,D
531503661V,physical,23/05/2025,A T,Rajapaksa,No 97/B,Kandy Road,Balangoda,Nuwara Eliya,728893383,740309878,TR029,AR04,7010,BOC-515,ENGLISH,LL,995391357217,D
986921203648,physical,23/05/2025,T R,Perera,D 378/B,Napatavela,Balangoda,Nuwara Eliya,728893383,727345821,TR029,AR04,7010,BOC-515,ENGLISH,LL,5720367,D
213487493826,physical,23/05/2025,P L,Dissanayake,L497/B,Samagimawatha,Gampola,Nuwara Eliya,728893383,737287096,TR029,AR04,7010,BOC-515,ENGLISH,LL,906083036,D
615946301275,physical,23/05/2025,S T,Wijesinghe,No 49/A,Lake View,Opanayaka,Nuwara Eliya,728893383,748286096,TR029,AR04,7010,BOC-515,ENGLISH,LL,7772810,D
296111693V,physical,23/05/2025,A T,Jayarathne,L149/C,School Lane,Padiyapalalla,Nuwara Eliya,728893383,737942754,TR029,AR04,7010,BOC-515,ENGLISH,LL,5997728909,D
247863420V,physical,23/05/2025,T R,Perera,B/208/C,Kandy Road,Balangoda,Nuwara Eliya,728893383,765968058,TR029,AR04,7010,BOC-515,ENGLISH,LL,833000233388844,D
773253087227,physical,23/05/2025,L M,Hemantha,A/456/C,Central Road,Nuwara Eliya,Nuwara Eliya,728893383,720366238,TR029,AR04,7010,BOC-515,ENGLISH,LL,7151837827679,D
523810465136,physical,23/05/2025,J M,Prasanna,D 333,River Road,Ruvaneliya,Nuwara Eliya,728893383,721655824,TR029,AR04,7010,BOC-515,ENGLISH,LL,3561112544,D
828668883V,physical,23/05/2025,A R,Bandara,No 345,Temple Road,Munwatta,Nuwara Eliya,728893383,770550102,TR029,AR04,7010,BOC-515,ENGLISH,LL,2954888615,D
513142644V,physical,23/05/2025,A R,Silva,D 456/C,Mahawawa,Kudagama,Nuwara Eliya,728893383,711741096,TR029,AR04,7010,BOC-515,ENGLISH,LL,3007215017,D
329885427792,physical,23/05/2025,J M,Hemantha,L58/C,Samagimawatha,Balangoda,Nuwara Eliya,728893383,725919154,TR029,AR04,7010,BOC-515,ENGLISH,LL,903202434632,D
496577880V,physical,23/05/2025,M M,Prasanna,L319/A,Ulhitiya,Padiyapalalla,Nuwara Eliya,728893383,756006345,TR029,AR04,7010,BOC-515,ENGLISH,LL,2389779891,D
794849425910,physical,23/05/2025,N S,Rajapaksa,A/74/C,Station Road,Munwatta,Nuwara Eliya,728893383,778091481,TR029,AR04,7010,BOC-515,ENGLISH,LL,30873550370,D
255366310912,physical,23/05/2025,K P,Perera,B/72/C,Station Road,Kudagama,Nuwara Eliya,728893383,761085726,TR029,AR04,7010,BOC-515,ENGLISH,LL,0274007,D
436752221134,physical,23/05/2025,T R,Silva,D 76/B,Samagimawatha,Ruvaneliya,Nuwara Eliya,728893383,737235197,TR029,AR04,7010,BOC-515,ENGLISH,LL,36972867579,D
643921490393,physical,23/05/2025,S,Weerasinghe,B/429/A,Garden Lane,Balangoda,Nuwara Eliya,728893383,724449747,TR029,AR04,7010,BOC-515,ENGLISH,LL,427636780,D
647631697V,physical,23/05/2025,L M,Mendis,L221,Park Road,Ruvaneliya,Nuwara Eliya,728893383,738788734,TR029,AR04,7010,BOC-515,ENGLISH,LL,382131254,D
213444338320,physical,23/05/2025,S T,Karunaratne,No 156/A,School Lane,Opanayaka,Nuwara Eliya,728893383,716231809,TR029,AR04,7010,BOC-515,ENGLISH,LL,66460232,D
802282550486,physical,23/05/2025,M M,Perera,B/473/B,Napatavela,Gampola,Nuwara Eliya,728893383,711702640,TR029,AR04,7010,BOC-515,ENGLISH,LL,071760771764572,D
786580602788,physical,23/05/2025,P L,Wijesinghe,L411/C,Madakadura,Opanayaka,Nuwara Eliya,728893383,767517733,TR029,AR04,7010,BOC-515,ENGLISH,LL,71735203,D
180421696798,physical,23/05/2025,S,Jayarathne,C/489/B,Madakadura,Mathurata,Nuwara Eliya,728893383,760833904,TR029,AR04,7010,BOC-515,ENGLISH,LL,817282306,D
496939436280,physical,23/05/2025,A T,Bandara,L199/B,Kandy Road,Balangoda,Nuwara Eliya,728893383,772544820,TR029,AR04,7010,BOC-515,ENGLISH,LL,11583929195978,D
975436213V,physical,23/05/2025,A T,Bandara,C/469/B,School Lane,Girandurukotte,Nuwara Eliya,728893383,762950875,TR029,AR04,7010,BOC-515,ENGLISH,LL,36126941490,D
167777615V,physical,23/05/2025,D P,Bandara,L4/C,Hill Street,Padiyapalalla,Nuwara Eliya,728893383,785189550,TR029,AR04,7010,BOC-515,ENGLISH,LL,917931063229,D
669004331V,physical,23/05/2025,T R,Dissanayake,B/151/A,Station Road,Opanayaka,Nuwara Eliya,728893383,794689759,TR029,AR04,7010,BOC-515,ENGLISH,LL,336668288154,D
831551851V,physical,23/05/2025,P L,Prasanna,No 239/B,Kandy Road,Gampola,Nuwara Eliya,728893383,790498038,TR029,AR04,7010,BOC-515,ENGLISH,LL,45383252,D
575134796V,physical,23/05/2025,P L,Prasanna,No 240/C,Station Road,Munwatta,Nuwara Eliya,728893383,711699772,TR029,AR04,7010,BOC-515,ENGLISH,LL,33001766,D
585643192684,physical,23/05/2025,R T,Weerasinghe,No 56/C,Lake View,Hatton,Nuwara Eliya,728893383,774533847,TR029,AR04,7010,BOC-515,ENGLISH,LL,887332503437,D
601077981773,physical,23/05/2025,A R,Perera,C/73/C,River Road,Boralanda,Nuwara Eliya,728893383,736732963,TR029,AR04,7010,BOC-515,ENGLISH,LL,876945236371,D
726806013530,physical,23/05/2025,A R,Karunaratne,B/153/B,Park Road,Girandurukotte,Nuwara Eliya,728893383,723670719,TR029,AR04,7010,BOC-515,ENGLISH,LL,7785615603324,D
961155046V,physical,23/05/2025,J M,Jayawardena,B/93/B,Station Road,Padiyapalalla,Nuwara Eliya,728893383,733795587,TR029,AR04,7010,BOC-515,ENGLISH,LL,3355797750,D
726379294V,physical,23/05/2025,P L,Weerasinghe,B/91/A,Central Road,Padiyapalalla,Nuwara Eliya,728893383,714546318,TR029,AR04,7010,BOC-515,ENGLISH,LL,0820194,D
154569519V,physical,23/05/2025,J M,Gunawardena,B/201/A,Hill Street,Kudagama,Nuwara Eliya,728893383,726428585,TR029,AR04,7010,BOC-515,ENGLISH,LL,0744539026,D
327122392103,physical,23/05/2025,E A,Gunawardena,L462/A,Mahawawa,Kudagama,Nuwara Eliya,728893383,781309423,TR029,AR04,7010,BOC-515,ENGLISH,LL,8233707815,D
546223800V,physical,23/05/2025,W M,Karunaratne,C/268/B,Lake View,Padiyapalalla,Nuwara Eliya,728893383,774641190,TR029,AR04,7010,BOC-515,ENGLISH,LL,5483139,D
380338018V,physical,23/05/2025,N S,Hemantha,L227/A,Station Road,Girandurukotte,Nuwara Eliya,728893383,716345704,TR029,AR04,7010,BOC-515,ENGLISH,LL,5704681,D
994429855V,physical,23/05/2025,S,Prasanna,D 445/B,Madakadura,Ruvaneliya,Nuwara Eliya,728893383,786809314,TR029,AR04,7010,BOC-515,ENGLISH,LL,93649311008723,D
252775969V,physical,23/05/2025,S T,Gunawardena,C/122/A,River Road,Opanayaka,Nuwara Eliya,728893383,740674014,TR029,AR04,7010,BOC-515,ENGLISH,LL,1059756,D
642091041V,physical,23/05/2025,C S,Karunaratne,C/355/A,River Road,Nuwara Eliya,Nuwara Eliya,728893383,721674437,TR029,AR04,7010,BOC-515,ENGLISH,LL,892163191222222,D
297005632521,physical,23/05/2025,E A,Fernando,L97/C,Garden Lane,Kudagama,Nuwara Eliya,728893383,729949889,TR029,AR04,7010,BOC-515,ENGLISH,LL,16454503399,D
774009646984,physical,23/05/2025,A T,Perera,No 196/C,Samagimawatha,Boralanda,Nuwara Eliya,728893383,759423409,TR029,AR04,7010,BOC-515,ENGLISH,LL,98064267732,D
376054348V,physical,23/05/2025,E A,Dissanayake,D 488,Ulhitiya,Boralanda,Nuwara Eliya,728893383,768426333,TR029,AR04,7010,BOC-515,ENGLISH,LL,6007313811,D
848997771448,physical,23/05/2025,L M,Jayarathne,A/320/C,Lake View,Gampola,Nuwara Eliya,728893383,714579960,TR029,AR04,7010,BOC-515,ENGLISH,LL,3253850307398,D
546892466V,physical,23/05/2025,C S,Wijesinghe,B/331/B,Church Lane,Hatton,Nuwara Eliya,728893383,721142054,TR029,AR04,7010,BOC-515,ENGLISH,LL,8786131,D
628185261052,physical,23/05/2025,N S,Silva,L108/B,Kandy Road,Ruvaneliya,Nuwara Eliya,728893383,759615551,TR029,AR04,7010,BOC-515,ENGLISH,LL,122427009711,D
336190097445,physical,23/05/2025,H K,Bandara,D 279,Napatavela,Ruvaneliya,Nuwara Eliya,728893383,758697047,TR029,AR04,7010,BOC-515,ENGLISH,LL,83926209,D
254116201V,physical,23/05/2025,N S,Krishantha,L316/C,Church Lane,Munwatta,Nuwara Eliya,728893383,718421539,TR029,AR04,7010,BOC-515,ENGLISH,LL,90823935,D
358556354598,physical,23/05/2025,L M,Fernando,No 148,Station Road,Kudagama,Nuwara Eliya,728893383,773238002,TR029,AR04,7010,BOC-515,ENGLISH,LL,216558554,D
449816052456,physical,23/05/2025,A T,Jayarathne,No 269/C,Samagimawatha,Nuwara Eliya,Nuwara Eliya,728893383,791881979,TR029,AR04,7010,BOC-515,ENGLISH,LL,525602684213,D
797039095949,physical,23/05/2025,J M,Fernando,C/148/B,Station Road,Boralanda,Nuwara Eliya,728893383,739589846,TR029,AR04,7010,BOC-515,ENGLISH,LL,8174093746844,D
773958906242,physical,23/05/2025,P L,Karunaratne,No 293,Lake View,Gampola,Nuwara Eliya,728893383,742046893,TR029,AR04,7010,BOC-515,ENGLISH,LL,5580076775074,D
945995251103,physical,23/05/2025,A T,Jayawardena,A/279/C,Garden Lane,Gampola,Nuwara Eliya,728893383,749315891,TR029,AR04,7010,BOC-515,ENGLISH,LL,4629239,D
982460033381,physical,23/05/2025,R T,Krishantha,D 146/C,Temple Road,Munwatta,Nuwara Eliya,728893383,712900559,TR029,AR04,7010,BOC-515,ENGLISH,LL,29607401400199,D
709104005753,physical,23/05/2025,K P,Silva,D 445/B,Lake View,Opanayaka,Nuwara Eliya,728893383,777697832,TR029,AR04,7010,BOC-515,ENGLISH,LL,63695901618382,D
601443134288,physical,23/05/2025,W M,Perera,A/124,Madakadura,Munwatta,Nuwara Eliya,728893383,750748369,TR029,AR04,7010,BOC-515,ENGLISH,LL,05050174959,D
127664300877,physical,23/05/2025,W M,Perera,D 92/A,Central Road,Girandurukotte,Nuwara Eliya,728893383,733605940,TR029,AR04,7010,BOC-515,ENGLISH,LL,44974983975220,D
382961529149,physical,23/05/2025,R T,Bandara,D 103/C,School Lane,Hatton,Nuwara Eliya,728893383,751340325,TR029,AR04,7010,BOC-515,ENGLISH,LL,4917092652,D
984613128473,physical,23/05/2025,C S,Perera,A/374,School Lane,Girandurukotte,Nuwara Eliya,728893383,775285197,TR029,AR04,7010,BOC-515,ENGLISH,LL,44532177,D
903220241V,physical,23/05/2025,T R,Fernando,A/347/C,School Lane,Girandurukotte,Nuwara Eliya,728893383,751200418,TR029,AR04,7010,BOC-515,ENGLISH,LL,9507622073,D
562971721629,physical,23/05/2025,R T,Rajapaksa,L324,Central Road,Padiyapalalla,Nuwara Eliya,728893383,764598854,TR029,AR04,7010,BOC-515,ENGLISH,LL,90827531,D
770996709V,physical,23/05/2025,P L,Hemantha,B/228,Church Lane,Opanayaka,Nuwara Eliya,728893383,756251686,TR029,AR04,7010,BOC-515,ENGLISH,LL,538536140,D
284132869V,physical,23/05/2025,P L,Krishantha,B/474,Garden Lane,Padiyapalalla,Nuwara Eliya,728893383,791910212,TR029,AR04,7010,BOC-515,ENGLISH,LL,1987016174,D
480499388V,physical,23/05/2025,A T,Fernando,B/138/A,Madakadura,Kudagama,Nuwara Eliya,728893383,764110744,TR029,AR04,7010,BOC-515,ENGLISH,LL,320398097152,D
981915114270,physical,23/05/2025,W M,Krishantha,L279/B,Napatavela,Padiyapalalla,Nuwara Eliya,728893383,794786275,TR029,AR04,7010,BOC-515,ENGLISH,LL,775005111283,D
173201722922,physical,23/05/2025,R T,Jayarathne,C/310/C,Church Lane,Pelmadulla,Nuwara Eliya,728893383,767271403,TR029,AR04,7010,BOC-515,ENGLISH,LL,118589047063,D
469759266253,physical,23/05/2025,L M,Krishantha,No 465/C,Garden Lane,Mathurata,Nuwara Eliya,728893383,710221715,TR029,AR04,7010,BOC-515,ENGLISH,LL,1304361,D
946592775V,physical,23/05/2025,A R,Karunaratne,L360/B,Kandy Road,Padiyapalalla,Nuwara Eliya,728893383,750709416,TR029,AR04,7010,BOC-515,ENGLISH,LL,291015853,D
636863908V,physical,23/05/2025,K P,Prasanna,A/116/B,Garden Lane,Ruvaneliya,Nuwara Eliya,728893383,741543018,TR029,AR04,7010,BOC-515,ENGLISH,LL,4158204779,D
387917474414,physical,23/05/2025,A T,Silva,B/138/B,Napatavela,Opanayaka,Nuwara Eliya,728893383,747900077,TR029,AR04,7010,BOC-515,ENGLISH,LL,7166421233922,D
585481060603,physical,23/05/2025,J M,Karunaratne,C/251,Ulhitiya,Boralanda,Nuwara Eliya,728893383,711323288,TR029,AR04,7010,BOC-515,ENGLISH,LL,6912717975,D
620844097554,physical,23/05/2025,P L,Jayawardena,C/24,River Road,Boralanda,Nuwara Eliya,728893383,732195461,TR029,AR04,7010,BOC-515,ENGLISH,LL,1110120184,D
617175063V,physical,23/05/2025,P L,Gunawardena,B/264/C,Park Road,Nuwara Eliya,Nuwara Eliya,728893383,772205120,TR029,AR04,7010,BOC-515,ENGLISH,LL,48748110,D
345586455V,physical,23/05/2025,M M,Gunawardena,C/377/A,Temple Road,Pelmadulla,Nuwara Eliya,728893383,761779179,TR029,AR04,7010,BOC-515,ENGLISH,LL,5270549,D
156321512V,physical,23/05/2025,E A,Gunawardena,No 268/A,Ulhitiya,Gampola,Nuwara Eliya,728893383,770625801,TR029,AR04,7010,BOC-515,ENGLISH,LL,82066895,D
505478462V,physical,23/05/2025,P L,Pradeep,C/224,Mahawawa,Girandurukotte,Nuwara Eliya,728893383,792192566,TR029,AR04,7010,BOC-515,ENGLISH,LL,9917592,D
232350326V,physical,23/05/2025,W M,Mendis,No 140/A,Central Road,Boralanda,Nuwara Eliya,728893383,794754341,TR029,AR04,7010,BOC-515,ENGLISH,LL,46168432,D
196504688V,physical,23/05/2025,H K,Silva,C/468/B,Samagimawatha,Opanayaka,Nuwara Eliya,728893383,747922457,TR029,AR04,7010,BOC-515,ENGLISH,LL,627013295,D
601498355722,physical,23/05/2025,A T,Krishantha,C/161/A,River Road,Gampola,Nuwara Eliya,728893383,777069397,TR029,AR04,7010,BOC-515,ENGLISH,LL,402573498,D
201088614V,physical,23/05/2025,E A,Silva,D 419/B,Main Street,Boralanda,Nuwara Eliya,728893383,743946996,TR029,AR04,7010,BOC-515,ENGLISH,LL,807859691,D
821447672820,physical,23/05/2025,C S,Krishantha,A/18/B,Temple Road,Mathurata,Nuwara Eliya,728893383,716731492,TR029,AR04,7010,BOC-515,ENGLISH,LL,0628023,D
935640152820,physical,23/05/2025,M M,Jayawardena,B/410,Napatavela,Pelmadulla,Nuwara Eliya,728893383,717291461,TR029,AR04,7010,BOC-515,ENGLISH,LL,601548106,D
120417121173,physical,23/05/2025,D P,Fernando,C/113/C,Temple Road,Balangoda,Nuwara Eliya,728893383,767259938,TR029,AR04,7010,BOC-515,ENGLISH,LL,71094181805379,D
682401709956,physical,23/05/2025,C S,Krishantha,B/405/B,Hill Street,Hatton,Nuwara Eliya,728893383,749315294,TR029,AR04,7010,BOC-515,ENGLISH,LL,390234857072,D
208143739V,physical,23/05/2025,T R,Silva,B/226/C,Napatavela,Opanayaka,Nuwara Eliya,728893383,732599499,TR029,AR04,7010,BOC-515,ENGLISH,LL,890962560729,D
684817905V,physical,23/05/2025,S T,Fernando,No 63/B,River Road,Balangoda,Nuwara Eliya,728893383,725097683,TR029,AR04,7010,BOC-515,ENGLISH,LL,96239215962,D
322467760534,physical,23/05/2025,J M,Weerasinghe,L182/B,River Road,Pelmadulla,Nuwara Eliya,728893383,751076956,TR029,AR04,7010,BOC-515,ENGLISH,LL,68186451175614,D
437245708883,physical,23/05/2025,R T,Karunaratne,L175,Mahawawa,Gampola,Nuwara Eliya,728893383,715396419,TR029,AR04,7010,BOC-515,ENGLISH,LL,1556821254318,D
836540234758,physical,23/05/2025,A R,Weerasinghe,L478/C,Church Lane,Opanayaka,Nuwara Eliya,728893383,722876537,TR029,AR04,7010,BOC-515,ENGLISH,LL,53863349097062,D
216308492V,physical,23/05/2025,R T,Jayawardena,L112/B,Station Road,Hatton,Nuwara Eliya,728893383,786775110,TR029,AR04,7010,BOC-515,ENGLISH,LL,6144163597,D
509794802V,physical,23/05/2025,C S,Wijesinghe,L334/A,Church Lane,Nuwara Eliya,Nuwara Eliya,728893383,783048268,TR029,AR04,7010,BOC-515,ENGLISH,LL,5479468324740,D
319916775848,physical,23/05/2025,D P,Mendis,L452/C,Garden Lane,Ruvaneliya,Nuwara Eliya,728893383,727109355,TR029,AR04,7010,BOC-515,ENGLISH,LL,6016845816792,D
803714947V,physical,23/05/2025,H K,Karunaratne,D 38/A,Central Road,Pelmadulla,Nuwara Eliya,728893383,792104314,TR029,AR04,7010,BOC-515,ENGLISH,LL,83074255193045,D
189603501V,physical,23/05/2025,A R,Krishantha,A/497/B,Lake View,Kudagama,Nuwara Eliya,728893383,799534996,TR029,AR04,7010,BOC-515,ENGLISH,LL,4606607015361,D
169526034V,physical,23/05/2025,S,Prasanna,No 493,Napatavela,Opanayaka,Nuwara Eliya,728893383,747460455,TR029,AR04,7010,BOC-515,ENGLISH,LL,940970330911,D
350000123278,physical,23/05/2025,M M,Mendis,A/403/C,Hill Street,Gampola,Nuwara Eliya,728893383,723713004,TR029,AR04,7010,BOC-515,ENGLISH,LL,1971829636,D
643525870V,physical,23/05/2025,H K,Silva,D 248/B,River Road,Munwatta,Nuwara Eliya,728893383,731239357,TR029,AR04,7010,BOC-515,ENGLISH,LL,4534179381,D
670645755739,physical,23/05/2025,L M,Rajapaksa,B/277/A,River Road,Gampola,Nuwara Eliya,728893383,726444764,TR029,AR04,7010,BOC-515,ENGLISH,LL,59340610,D
827540835943,physical,23/05/2025,H K,Prasanna,No 482/B,Mahawawa,Hatton,Nuwara Eliya,728893383,762210259,TR029,AR04,7010,BOC-515,ENGLISH,LL,68748400,D
931826486V,physical,23/05/2025,S,Dissanayake,L195/C,Hill Street,Ruvaneliya,Nuwara Eliya,728893383,715934117,TR029,AR04,7010,BOC-515,ENGLISH,LL,21676883819355,D
290206852V,physical,23/05/2025,D P,Wijesinghe,No 465/C,Mahawawa,Ruvaneliya,Nuwara Eliya,728893383,729456283,TR029,AR04,7010,BOC-515,ENGLISH,LL,449238642,D
380815101V,physical,23/05/2025,W M,Weerasinghe,B/48,Station Road,Balangoda,Nuwara Eliya,728893383,743234209,TR029,AR04,7010,BOC-515,ENGLISH,LL,8888502891024,D
710744691525,physical,23/05/2025,K P,Dissanayake,No 27,Hill Street,Pelmadulla,Nuwara Eliya,728893383,736909030,TR029,AR04,7010,BOC-515,ENGLISH,LL,839652637,D
883265553V,physical,23/05/2025,A T,Fernando,C/237/B,Church Lane,Boralanda,Nuwara Eliya,728893383,731290678,TR029,AR04,7010,BOC-515,ENGLISH,LL,375275645351725,D
338896450V,physical,23/05/2025,H K,Wijesinghe,D 39,School Lane,Opanayaka,Nuwara Eliya,728893383,720833427,TR029,AR04,7010,BOC-515,ENGLISH,LL,736736797245922,D
923891425V,physical,23/05/2025,S,Weerasinghe,A/452/C,Temple Road,Girandurukotte,Nuwara Eliya,728893383,714257573,TR029,AR04,7010,BOC-515,ENGLISH,LL,0795984,D
832638996249,physical,23/05/2025,A T,Silva,D 424,Mahawawa,Boralanda,Nuwara Eliya,728893383,744738446,TR029,AR04,7010,BOC-515,ENGLISH,LL,952549758,D
838027026161,physical,23/05/2025,M M,Hemantha,D 22/A,Park Road,Opanayaka,Nuwara Eliya,728893383,736955624,TR029,AR04,7010,BOC-515,ENGLISH,LL,610027998136,D
760641720913,physical,23/05/2025,S T,Hemantha,D 203/C,Park Road,Munwatta,Nuwara Eliya,728893383,763637333,TR029,AR04,7010,BOC-515,ENGLISH,LL,959876827972750,D
442852512793,physical,23/05/2025,H K,Weerasinghe,L397/B,Station Road,Hatton,Nuwara Eliya,728893383,763638395,TR029,AR04,7010,BOC-515,ENGLISH,LL,03479619,D
996899773715,physical,23/05/2025,A R,Rajapaksa,L396/A,Napatavela,Gampola,Nuwara Eliya,728893383,736320368,TR029,AR04,7010,BOC-515,ENGLISH,LL,3264599,D
669104494V,physical,23/05/2025,R T,Mendis,C/116/A,Madakadura,Gampola,Nuwara Eliya,728893383,774606086,TR029,AR04,7010,BOC-515,ENGLISH,LL,562892268,D
940573895781,physical,23/05/2025,R T,Mendis,B/76,Madakadura,Padiyapalalla,Nuwara Eliya,728893383,799354846,TR029,AR04,7010,BOC-515,ENGLISH,LL,84386838643,D
193508604597,physical,23/05/2025,J M,Hemantha,L63/B,Madakadura,Boralanda,Nuwara Eliya,728893383,723696815,TR029,AR04,7010,BOC-515,ENGLISH,LL,939497532,D
300077777V,physical,23/05/2025,W M,Wijesinghe,No 473/B,Temple Road,Pelmadulla,Nuwara Eliya,728893383,718587612,TR029,AR04,7010,BOC-515,ENGLISH,LL,61495312935137,D
962688376V,physical,23/05/2025,P L,Dissanayake,C/392/A,Church Lane,Pelmadulla,Nuwara Eliya,728893383,756885808,TR029,AR04,7010,BOC-515,ENGLISH,LL,35874158326,D
595807577V,physical,23/05/2025,R T,Rajapaksa,A/34/A,River Road,Ruvaneliya,Nuwara Eliya,728893383,727270099,TR029,AR04,7010,BOC-515,ENGLISH,LL,8143528,D
310019655V,physical,23/05/2025,R T,Karunaratne,C/475/C,Madakadura,Opanayaka,Nuwara Eliya,728893383,771319633,TR029,AR04,7010,BOC-515,ENGLISH,LL,61093564982,D
354592112V,physical,23/05/2025,C S,Bandara,D 22,Samagimawatha,Pelmadulla,Nuwara Eliya,728893383,725493363,TR029,AR04,7010,BOC-515,ENGLISH,LL,86021109301944,D
915423340V,physical,23/05/2025,A T,Dissanayake,B/430/C,Temple Road,Hatton,Nuwara Eliya,728893383,736195615,TR029,AR04,7010,BOC-515,ENGLISH,LL,159964708,D
706216349V,physical,23/05/2025,N S,Karunaratne,No 70/A,School Lane,Gampola,Nuwara Eliya,728893383,761101412,TR029,AR04,7010,BOC-515,ENGLISH,LL,879319006,D
495502715V,physical,23/05/2025,N S,Pradeep,No 144/B,Samagimawatha,Ruvaneliya,Nuwara Eliya,728893383,778763330,TR029,AR04,7010,BOC-515,ENGLISH,LL,39374803912086,D
491126158866,physical,23/05/2025,D P,Krishantha,B/13/B,Central Road,Hatton,Nuwara Eliya,728893383,788527551,TR029,AR04,7010,BOC-515,ENGLISH,LL,91038732217794,D
898164915V,physical,23/05/2025,W M,Rajapaksa,B/324/C,Central Road,Munwatta,Nuwara Eliya,728893383,762761802,TR029,AR04,7010,BOC-515,ENGLISH,LL,386860334842,D
477404741062,physical,23/05/2025,R T,Karunaratne,B/217/C,Garden Lane,Opanayaka,Nuwara Eliya,728893383,747194891,TR029,AR04,7010,BOC-515,ENGLISH,LL,9456388804,D
247414082V,physical,23/05/2025,L M,Karunaratne,D 418/A,School Lane,Pelmadulla,Nuwara Eliya,728893383,710681927,TR029,AR04,7010,BOC-515,ENGLISH,LL,921687847636702,D
389379411754,physical,23/05/2025,E A,Bandara,B/172/C,Garden Lane,Girandurukotte,Nuwara Eliya,728893383,716552845,TR029,AR04,7010,BOC-515,ENGLISH,LL,3390942,D
956177575V,physical,23/05/2025,P L,Bandara,A/255,Station Road,Opanayaka,Nuwara Eliya,728893383,743311702,TR029,AR04,7010,BOC-515,ENGLISH,LL,9245985412,D
480604872416,physical,23/05/2025,D P,Gunawardena,D 225/A,Samagimawatha,Mathurata,Nuwara Eliya,728893383,726668772,TR029,AR04,7010,BOC-515,ENGLISH,LL,26576221241611,D
340723060126,physical,23/05/2025,R T,Krishantha,D 63/A,Madakadura,Gampola,Nuwara Eliya,728893383,739041898,TR029,AR04,7010,BOC-515,ENGLISH,LL,724278343277640,D
185111018874,physical,23/05/2025,A T,Weerasinghe,C/398/C,Church Lane,Girandurukotte,Nuwara Eliya,728893383,729514545,TR029,AR04,7010,BOC-515,ENGLISH,LL,8049684832,D
395206561V,physical,23/05/2025,N S,Perera,No 236/B,Lake View,Opanayaka,Nuwara Eliya,728893383,717212156,TR029,AR04,7010,BOC-515,ENGLISH,LL,80259377923080,D
303784362363,physical,23/05/2025,K P,Jayawardena,A/458/B,Hill Street,Ruvaneliya,Nuwara Eliya,728893383,752952753,TR029,AR04,7010,BOC-515,ENGLISH,LL,224429337,D
816177143V,physical,23/05/2025,A T,Perera,C/309/B,Temple Road,Pelmadulla,Nuwara Eliya,728893383,724021863,TR029,AR04,7010,BOC-515,ENGLISH,LL,2284700825432,D
359139478V,physical,23/05/2025,E A,Weerasinghe,A/395/C,Hill Street,Hatton,Nuwara Eliya,728893383,742279172,TR029,AR04,7010,BOC-515,ENGLISH,LL,979144737589,D
369724257250,physical,23/05/2025,J M,Gunawardena,A/412/B,Madakadura,Ruvaneliya,Nuwara Eliya,728893383,797909780,TR029,AR04,7010,BOC-515,ENGLISH,LL,7833255,D
713594737921,physical,23/05/2025,K P,Bandara,A/479,Park Road,Ruvaneliya,Nuwara Eliya,728893383,768226509,TR029,AR04,7010,BOC-515,ENGLISH,LL,380187479175,D
381283283V,physical,23/05/2025,H K,Perera,A/425/A,Main Street,Hatton,Nuwara Eliya,728893383,736241343,TR029,AR04,7010,BOC-515,ENGLISH,LL,53964265376,D
276182049909,physical,23/05/2025,A T,Dissanayake,No 446/A,Main Street,Mathurata,Nuwara Eliya,728893383,785331639,TR029,AR04,7010,BOC-515,ENGLISH,LL,2897161,D
479348399V,physical,23/05/2025,J M,Perera,L30,Church Lane,Munwatta,Nuwara Eliya,728893383,739359743,TR029,AR04,7010,BOC-515,ENGLISH,LL,50542225,D
706945191V,physical,23/05/2025,A T,Mendis,No 444/B,Kandy Road,Opanayaka,Nuwara Eliya,728893383,729580968,TR029,AR04,7010,BOC-515,ENGLISH,LL,554823726763315,D
477715621455,physical,23/05/2025,T R,Hemantha,B/204,Samagimawatha,Pelmadulla,Nuwara Eliya,728893383,783048827,TR029,AR04,7010,BOC-515,ENGLISH,LL,8763572,D
831914520816,physical,23/05/2025,C S,Wijesinghe,L101/B,Park Road,Pelmadulla,Nuwara Eliya,728893383,741630678,TR029,AR04,7010,BOC-515,ENGLISH,LL,104592226,D
975103834672,physical,23/05/2025,E A,Dissanayake,A/85/A,Ulhitiya,Balangoda,Nuwara Eliya,728893383,759381283,TR029,AR04,7010,BOC-515,ENGLISH,LL,67043119024,D
424481558V,physical,23/05/2025,S,Bandara,L90/C,Garden Lane,Girandurukotte,Nuwara Eliya,728893383,760084853,TR029,AR04,7010,BOC-515,ENGLISH,LL,097366202080,D
423464734V,physical,23/05/2025,A R,Silva,C/412/B,Mahawawa,Pelmadulla,Nuwara Eliya,728893383,764907751,TR029,AR04,7010,BOC-515,ENGLISH,LL,66515884,D
784498999036,physical,23/05/2025,K P,Wijesinghe,D 40/B,Lake View,Balangoda,Nuwara Eliya,728893383,788951940,TR029,AR04,7010,BOC-515,ENGLISH,LL,946965211372,D
443436178V,physical,23/05/2025,W M,Prasanna,D 162,Church Lane,Nuwara Eliya,Nuwara Eliya,728893383,765664787,TR029,AR04,7010,BOC-515,ENGLISH,LL,92527687196035,D
764872968317,physical,23/05/2025,S T,Karunaratne,D 304/B,Garden Lane,Gampola,Nuwara Eliya,728893383,722034001,TR029,AR04,7010,BOC-515,ENGLISH,LL,590283969,D
295356001017,physical,23/05/2025,A R,Fernando,No 459/B,Main Street,Ruvaneliya,Nuwara Eliya,728893383,722816386,TR029,AR04,7010,BOC-515,ENGLISH,LL,28156639,D
254505317V,physical,23/05/2025,E A,Wijesinghe,D 27/B,Park Road,Opanayaka,Nuwara Eliya,728893383,717327216,TR029,AR04,7010,BOC-515,ENGLISH,LL,88734864656597,D
357358904785,physical,23/05/2025,E A,Bandara,B/165/C,Lake View,Munwatta,Nuwara Eliya,728893383,729087580,TR029,AR04,7010,BOC-515,ENGLISH,LL,5254239,D
674212226723,physical,23/05/2025,S T,Fernando,L361/A,Ulhitiya,Ruvaneliya,Nuwara Eliya,728893383,723307404,TR029,AR04,7010,BOC-515,ENGLISH,LL,917625796,D
406736737V,physical,23/05/2025,S,Jayawardena,No 278/A,Garden Lane,Ruvaneliya,Nuwara Eliya,728893383,716829772,TR029,AR04,7010,BOC-515,ENGLISH,LL,624030771,D
501751901V,physical,23/05/2025,J M,Fernando,No 168/B,River Road,Mathurata,Nuwara Eliya,728893383,798833041,TR029,AR04,7010,BOC-515,ENGLISH,LL,81392430046,D
989999633573,physical,23/05/2025,N S,Gunawardena,B/39/C,Samagimawatha,Gampola,Nuwara Eliya,728893383,789579685,TR029,AR04,7010,BOC-515,ENGLISH,LL,939758741,D
383822608918,physical,23/05/2025,D P,Mendis,B/369/C,Lake View,Hatton,Nuwara Eliya,728893383,779893321,TR029,AR04,7010,BOC-515,ENGLISH,LL,2237173278418,D
411774598V,physical,23/05/2025,W M,Karunaratne,No 467/C,Madakadura,Girandurukotte,Nuwara Eliya,728893383,728956800,TR029,AR04,7010,BOC-515,ENGLISH,LL,470076543420103,D
961323469908,physical,23/05/2025,J M,Krishantha,No 215/A,Kandy Road,Hatton,Nuwara Eliya,728893383,772931164,TR029,AR04,7010,BOC-515,ENGLISH,LL,5943285,D
182005223847,physical,23/05/2025,S,Pradeep,C/13,Garden Lane,Padiyapalalla,Nuwara Eliya,728893383,750815295,TR029,AR04,7010,BOC-515,ENGLISH,LL,5359831990,D
357790584733,physical,23/05/2025,L M,Fernando,B/116/C,Hill Street,Padiyapalalla,Nuwara Eliya,728893383,771414900,TR029,AR04,7010,BOC-515,ENGLISH,LL,4066913498,D
503978721589,physical,23/05/2025,M M,Jayarathne,D 102/C,Temple Road,Girandurukotte,Nuwara Eliya,728893383,743297251,TR029,AR04,7010,BOC-515,ENGLISH,LL,825933244998,D
407563079091,physical,23/05/2025,M M,Weerasinghe,No 387,Madakadura,Pelmadulla,Nuwara Eliya,728893383,731919912,TR029,AR04,7010,BOC-515,ENGLISH,LL,877002761025267,D
589156308V,physical,23/05/2025,K P,Prasanna,D 244/A,Park Road,Mathurata,Nuwara Eliya,728893383,773319787,TR029,AR04,7010,BOC-515,ENGLISH,LL,1059835,D
627132438752,physical,23/05/2025,A T,Weerasinghe,C/122,Hill Street,Kudagama,Nuwara Eliya,728893383,736152206,TR029,AR04,7010,BOC-515,ENGLISH,LL,90680316109041,D
626481051V,physical,23/05/2025,P L,Rajapaksa,D 87/C,Park Road,Girandurukotte,Nuwara Eliya,728893383,789193915,TR029,AR04,7010,BOC-515,ENGLISH,LL,5850827,D
965207647V,physical,23/05/2025,C S,Dissanayake,L101,Park Road,Ruvaneliya,Nuwara Eliya,728893383,724306189,TR029,AR04,7010,BOC-515,ENGLISH,LL,50109007067,D
335509882V,physical,23/05/2025,K P,Prasanna,B/235/C,Church Lane,Nuwara Eliya,Nuwara Eliya,728893383,761995599,TR029,AR04,7010,BOC-515,ENGLISH,LL,26227007541384,D
329144204V,physical,23/05/2025,S,Bandara,D 364/B,Samagimawatha,Munwatta,Nuwara Eliya,728893383,764635238,TR029,AR04,7010,BOC-515,ENGLISH,LL,15837616954,D
446930103772,physical,23/05/2025,P L,Krishantha,L320/A,Main Street,Boralanda,Nuwara Eliya,728893383,725879743,TR029,AR04,7010,BOC-515,ENGLISH,LL,1333270541,D
366289816442,physical,23/05/2025,J M,Fernando,No 445,School Lane,Boralanda,Nuwara Eliya,728893383,754407287,TR029,AR04,7010,BOC-515,ENGLISH,LL,5227174,D
292740365V,physical,23/05/2025,C S,Fernando,C/444,Station Road,Munwatta,Nuwara Eliya,728893383,768858341,TR029,AR04,7010,BOC-515,ENGLISH,LL,8394431168780,D
778203362V,physical,23/05/2025,S T,Bandara,B/159/C,Station Road,Nuwara Eliya,Nuwara Eliya,728893383,758239740,TR029,AR04,7010,BOC-515,ENGLISH,LL,76925735936,D
136516492939,physical,23/05/2025,T R,Mendis,C/280/A,School Lane,Balangoda,Nuwara Eliya,728893383,771393906,TR029,AR04,7010,BOC-515,ENGLISH,LL,9535040,D
625617844V,physical,23/05/2025,H K,Wijesinghe,No 360,Central Road,Pelmadulla,Nuwara Eliya,728893383,717361830,TR029,AR04,7010,BOC-515,ENGLISH,LL,0365321,D
474684444748,physical,23/05/2025,K P,Jayawardena,A/499/C,Ulhitiya,Ruvaneliya,Nuwara Eliya,728893383,777553463,TR029,AR04,7010,BOC-515,ENGLISH,LL,541896264241,D
792890361V,physical,23/05/2025,W M,Mendis,C/112/A,Kandy Road,Hatton,Nuwara Eliya,728893383,727558053,TR029,AR04,7010,BOC-515,ENGLISH,LL,8514891597589,D
201011939V,physical,23/05/2025,E A,Gunawardena,C/83/C,Park Road,Balangoda,Nuwara Eliya,728893383,735762637,TR029,AR04,7010,BOC-515,ENGLISH,LL,6073953829,D
355355918485,physical,23/05/2025,A R,Hemantha,No 140,Station Road,Munwatta,Nuwara Eliya,728893383,782969783,TR029,AR04,7010,BOC-515,ENGLISH,LL,65200730576719,D
282693196V,physical,23/05/2025,H K,Dissanayake,L330/C,Mahawawa,Balangoda,Nuwara Eliya,728893383,799308468,TR029,AR04,7010,BOC-515,ENGLISH,LL,17123582,D
290847075348,physical,23/05/2025,H K,Fernando,A/392/A,Main Street,Kudagama,Nuwara Eliya,728893383,721738325,TR029,AR04,7010,BOC-515,ENGLISH,LL,578178314056489,D
785375124V,physical,23/05/2025,T R,Dissanayake,D 237,Ulhitiya,Hatton,Nuwara Eliya,728893383,725973486,TR029,AR04,7010,BOC-515,ENGLISH,LL,3498879,D
304052678V,physical,23/05/2025,L M,Jayawardena,B/154/C,Station Road,Opanayaka,Nuwara Eliya,728893383,711784373,TR029,AR04,7010,BOC-515,ENGLISH,LL,3799977736,D
405645780265,physical,23/05/2025,R T,Weerasinghe,A/208/C,School Lane,Gampola,Nuwara Eliya,728893383,712338337,TR029,AR04,7010,BOC-515,ENGLISH,LL,639781141990,D
704160673V,physical,23/05/2025,A T,Fernando,L134,Temple Road,Girandurukotte,Nuwara Eliya,728893383,746528410,TR029,AR04,7010,BOC-515,ENGLISH,LL,285853799168,D
859069220536,physical,23/05/2025,A T,Hemantha,L176/A,Napatavela,Boralanda,Nuwara Eliya,728893383,721708513,TR029,AR04,7010,BOC-515,ENGLISH,LL,203847773,D
114065939V,physical,23/05/2025,R T,Mendis,B/445/C,Temple Road,Padiyapalalla,Nuwara Eliya,728893383,751177994,TR029,AR04,7010,BOC-515,ENGLISH,LL,963334058799732,D
130508023V,physical,23/05/2025,D P,Mendis,D 461,Station Road,Ruvaneliya,Nuwara Eliya,728893383,739203018,TR029,AR04,7010,BOC-515,ENGLISH,LL,3887341644,D
862406079720,physical,23/05/2025,J M,Pradeep,A/248/A,Lake View,Kudagama,Nuwara Eliya,728893383,786605074,TR029,AR04,7010,BOC-515,ENGLISH,LL,801556109036868,D
618579137124,physical,23/05/2025,T R,Gunawardena,A/31,Hill Street,Opanayaka,Nuwara Eliya,728893383,727907208,TR029,AR04,7010,BOC-515,ENGLISH,LL,196319263272753,D
329694651V,physical,23/05/2025,N S,Mendis,A/337,Park Road,Opanayaka,Nuwara Eliya,728893383,775047805,TR029,AR04,7010,BOC-515,ENGLISH,LL,17922432144254,D
943138055V,physical,23/05/2025,T R,Fernando,A/98/B,Lake View,Hatton,Nuwara Eliya,728893383,768968806,TR029,AR04,7010,BOC-515,ENGLISH,LL,1390925,D
256390725855,physical,23/05/2025,E A,Gunawardena,D 94,Ulhitiya,Pelmadulla,Nuwara Eliya,728893383,735899013,TR029,AR04,7010,BOC-515,ENGLISH,LL,3713358213543,D
576963575V,physical,23/05/2025,H K,Wijesinghe,No 215,School Lane,Mathurata,Nuwara Eliya,728893383,729571109,TR029,AR04,7010,BOC-515,ENGLISH,LL,823701962673535,D
423688593V,physical,23/05/2025,T R,Bandara,L372/C,School Lane,Hatton,Nuwara Eliya,728893383,779847124,TR029,AR04,7010,BOC-515,ENGLISH,LL,8417040120471,D
